cement_kg_m3,blas_furnace_slag_kg_m3,fly_ash_kg_m3,water_kg_m3,superplasticizer_kg_m3,superplasticizer_percentage_weight_of_cement_%,natural_coarse_aggregate_kg_m3,natural_fine_aggregate_kg_m3,testing_age,water_cement_ratio,water_binder_ratio,coarse-agg_fine-agg_ratio,fck_mpa
540.00,0.00,0.00,162.00,2.50,0.46,1040.00,676.00,28.00,0.30,0.3,1.54,79.99
540.00,0.00,0.00,162.00,2.50,0.46,1055.00,676.00,28.00,0.30,0.30,1.56,61.89
332.50,142.50,0.00,228.00,0.00,0.00,932.00,594.00,270.00,0.69,0.48,1.57,40.27
332.50,142.50,0.00,228.00,0.00,0.00,932.00,594.00,365.00,0.69,0.48,1.57,41.05
198.60,132.40,0.00,192.00,0.00,0.00,978.40,825.50,360.00,0.97,0.58,1.19,44.30
266.00,114.00,0.00,228.00,0.00,0.00,932.00,670.00,90.00,0.86,0.60,1.39,47.03
380.00,95.00,0.00,228.00,0.00,0.00,932.00,594.00,365.00,0.60,0.48,1.57,43.70
380.00,95.00,0.00,228.00,0.00,0.00,932.00,594.00,28.00,0.60,0.48,1.57,36.45
266.00,114.00,0.00,228.00,0.00,0.00,932.00,670.00,28.00,0.86,0.60,1.39,45.85
475.00,0.00,0.00,228.00,0.00,0.00,932.00,594.00,28.00,0.48,0.48,1.57,39.29
198.60,132.40,0.00,192.00,0.00,0.00,978.40,825.50,90.00,0.97,0.58,1.19,38.07
198.60,132.40,0.00,192.00,0.00,0.00,978.40,825.50,28.00,0.97,0.58,1.19,28.02
427.50,47.50,0.00,228.00,0.00,0.00,932.00,594.00,270.00,0.53,0.48,1.57,43.01
190.00,190.00,0.00,228.00,0.00,0.00,932.00,670.00,90.00,1.20,0.60,1.39,42.33
304.00,76.00,0.00,228.00,0.00,0.00,932.00,670.00,28.00,0.75,0.60,1.39,47.81
380.00,0.00,0.00,228.00,0.00,0.00,932.00,670.00,90.00,0.60,0.60,1.39,52.91
139.60,209.40,0.00,192.00,0.00,0.00,1047.00,806.90,90.00,1.38,0.55,1.30,39.36
342.00,38.00,0.00,228.00,0.00,0.00,932.00,670.00,365.00,0.67,0.60,1.39,56.14
380.00,95.00,0.00,228.00,0.00,0.00,932.00,594.00,90.00,0.60,0.48,1.57,40.56
475.00,0.00,0.00,228.00,0.00,0.00,932.00,594.00,180.00,0.48,0.48,1.57,42.62
427.50,47.50,0.00,228.00,0.00,0.00,932.00,594.00,180.00,0.53,0.48,1.57,41.84
139.60,209.40,0.00,192.00,0.00,0.00,1047.00,806.90,28.00,1.38,0.55,1.30,28.24
139.60,209.40,0.00,192.00,0.00,0.00,1047.00,806.90,3.00,1.38,0.55,1.30,8.06
139.60,209.40,0.00,192.00,0.00,0.00,1047.00,806.90,180.00,1.38,0.55,1.30,44.21
380.00,0.00,0.00,228.00,0.00,0.00,932.00,670.00,365.00,0.60,0.60,1.39,52.52
380.00,0.00,0.00,228.00,0.00,0.00,932.00,670.00,270.00,0.60,0.60,1.39,53.30
380.00,95.00,0.00,228.00,0.00,0.00,932.00,594.00,270.00,0.60,0.48,1.57,41.15
342.00,38.00,0.00,228.00,0.00,0.00,932.00,670.00,180.00,0.67,0.60,1.39,52.12
427.50,47.50,0.00,228.00,0.00,0.00,932.00,594.00,28.00,0.53,0.48,1.57,37.43
475.00,0.00,0.00,228.00,0.00,0.00,932.00,594.00,7.00,0.48,0.48,1.57,38.60
304.00,76.00,0.00,228.00,0.00,0.00,932.00,670.00,365.00,0.75,0.60,1.39,55.26
266.00,114.00,0.00,228.00,0.00,0.00,932.00,670.00,365.00,0.86,0.60,1.39,52.91
198.60,132.40,0.00,192.00,0.00,0.00,978.40,825.50,180.00,0.97,0.58,1.19,41.72
475.00,0.00,0.00,228.00,0.00,0.00,932.00,594.00,270.00,0.48,0.48,1.57,42.13
190.00,190.00,0.00,228.00,0.00,0.00,932.00,670.00,365.00,1.20,0.60,1.39,53.69
237.50,237.50,0.00,228.00,0.00,0.00,932.00,594.00,270.00,0.96,0.48,1.57,38.41
237.50,237.50,0.00,228.00,0.00,0.00,932.00,594.00,28.00,0.96,0.48,1.57,30.08
332.50,142.50,0.00,228.00,0.00,0.00,932.00,594.00,90.00,0.69,0.48,1.57,37.72
475.00,0.00,0.00,228.00,0.00,0.00,932.00,594.00,90.00,0.48,0.48,1.57,42.23
237.50,237.50,0.00,228.00,0.00,0.00,932.00,594.00,180.00,0.96,0.48,1.57,36.25
342.00,38.00,0.00,228.00,0.00,0.00,932.00,670.00,90.00,0.67,0.60,1.39,50.46
427.50,47.50,0.00,228.00,0.00,0.00,932.00,594.00,365.00,0.53,0.48,1.57,43.70
237.50,237.50,0.00,228.00,0.00,0.00,932.00,594.00,365.00,0.96,0.48,1.57,39.00
380.00,0.00,0.00,228.00,0.00,0.00,932.00,670.00,180.00,0.60,0.60,1.39,53.10
427.50,47.50,0.00,228.00,0.00,0.00,932.00,594.00,90.00,0.53,0.48,1.57,41.54
427.50,47.50,0.00,228.00,0.00,0.00,932.00,594.00,7.00,0.53,0.48,1.57,35.08
349.00,0.00,0.00,192.00,0.00,0.00,1047.00,806.90,3.00,0.55,0.55,1.30,15.05
380.00,95.00,0.00,228.00,0.00,0.00,932.00,594.00,180.00,0.60,0.48,1.57,40.76
237.50,237.50,0.00,228.00,0.00,0.00,932.00,594.00,7.00,0.96,0.48,1.57,26.26
380.00,95.00,0.00,228.00,0.00,0.00,932.00,594.00,7.00,0.60,0.48,1.57,32.82
332.50,142.50,0.00,228.00,0.00,0.00,932.00,594.00,180.00,0.69,0.48,1.57,39.78
190.00,190.00,0.00,228.00,0.00,0.00,932.00,670.00,180.00,1.20,0.60,1.39,46.93
237.50,237.50,0.00,228.00,0.00,0.00,932.00,594.00,90.00,0.96,0.48,1.57,33.12
304.00,76.00,0.00,228.00,0.00,0.00,932.00,670.00,90.00,0.75,0.60,1.39,49.19
139.60,209.40,0.00,192.00,0.00,0.00,1047.00,806.90,7.00,1.38,0.55,1.30,14.59
198.60,132.40,0.00,192.00,0.00,0.00,978.40,825.50,7.00,0.97,0.58,1.19,14.64
475.00,0.00,0.00,228.00,0.00,0.00,932.00,594.00,365.00,0.48,0.48,1.57,41.93
198.60,132.40,0.00,192.00,0.00,0.00,978.40,825.50,3.00,0.97,0.58,1.19,9.13
304.00,76.00,0.00,228.00,0.00,0.00,932.00,670.00,180.00,0.75,0.60,1.39,50.95
332.50,142.50,0.00,228.00,0.00,0.00,932.00,594.00,28.00,0.69,0.48,1.57,33.02
304.00,76.00,0.00,228.00,0.00,0.00,932.00,670.00,270.00,0.75,0.60,1.39,54.38
266.00,114.00,0.00,228.00,0.00,0.00,932.00,670.00,270.00,0.86,0.60,1.39,51.73
310.00,0.00,0.00,192.00,0.00,0.00,971.00,850.60,3.00,0.62,0.62,1.14,9.87
190.00,190.00,0.00,228.00,0.00,0.00,932.00,670.00,270.00,1.20,0.60,1.39,50.66
266.00,114.00,0.00,228.00,0.00,0.00,932.00,670.00,180.00,0.86,0.60,1.39,48.70
342.00,38.00,0.00,228.00,0.00,0.00,932.00,670.00,270.00,0.67,0.60,1.39,55.06
139.60,209.40,0.00,192.00,0.00,0.00,1047.00,806.90,360.00,1.38,0.55,1.30,44.70
332.50,142.50,0.00,228.00,0.00,0.00,932.00,594.00,7.00,0.69,0.48,1.57,30.28
190.00,190.00,0.00,228.00,0.00,0.00,932.00,670.00,28.00,1.20,0.60,1.39,40.86
485.00,0.00,0.00,146.00,0.00,0.00,1120.00,800.00,28.00,0.30,0.30,1.40,71.99
374.00,189.20,0.00,170.10,10.10,2.70,926.10,756.70,3.00,0.45,0.30,1.22,34.40
313.30,262.20,0.00,175.50,8.60,2.74,1046.90,611.80,3.00,0.56,0.30,1.71,28.80
425.00,106.30,0.00,153.50,16.50,3.88,852.10,887.10,3.00,0.36,0.29,0.96,33.40
425.00,106.30,0.00,151.40,18.60,4.38,936.00,803.70,3.00,0.36,0.28,1.16,36.30
375.00,93.80,0.00,126.60,23.40,6.24,852.10,992.60,3.00,0.34,0.27,0.86,29.00
475.00,118.80,0.00,181.10,8.90,1.87,852.10,781.50,3.00,0.38,0.30,1.09,37.80
469.00,117.20,0.00,137.80,32.20,6.87,852.10,840.50,3.00,0.29,0.24,1.01,40.20
425.00,106.30,0.00,153.50,16.50,3.88,852.10,887.10,3.00,0.36,0.29,0.96,33.40
388.60,97.10,0.00,157.90,12.10,3.11,852.10,925.70,3.00,0.41,0.33,0.92,28.10
531.30,0.00,0.00,141.80,28.20,5.31,852.10,893.70,3.00,0.27,0.27,0.95,41.30
425.00,106.30,0.00,153.50,16.50,3.88,852.10,887.10,3.00,0.36,0.29,0.96,33.40
318.80,212.50,0.00,155.70,14.30,4.49,852.10,880.40,3.00,0.49,0.29,0.97,25.20
401.80,94.70,0.00,147.40,11.40,2.84,946.80,852.10,3.00,0.37,0.30,1.11,41.10
362.60,189.00,0.00,164.90,11.60,3.20,944.70,755.80,3.00,0.45,0.30,1.25,35.30
323.70,282.80,0.00,183.80,10.30,3.18,942.70,659.90,3.00,0.57,0.30,1.43,28.30
379.50,151.20,0.00,153.90,15.90,4.19,1134.30,605.00,3.00,0.41,0.29,1.87,28.60
362.60,189.00,0.00,164.90,11.60,3.20,944.70,755.80,3.00,0.45,0.30,1.25,35.30
286.30,200.90,0.00,144.70,11.20,3.91,1004.60,803.70,3.00,0.51,0.30,1.25,24.40
362.60,189.00,0.00,164.90,11.60,3.20,944.70,755.80,3.00,0.45,0.30,1.25,35.30
439.00,177.00,0.00,186.00,11.10,2.53,884.90,707.90,3.00,0.42,0.30,1.25,39.30
389.90,189.00,0.00,145.90,22.00,5.64,944.70,755.80,3.00,0.37,0.25,1.25,40.60
362.60,189.00,0.00,164.90,11.60,3.20,944.70,755.80,3.00,0.45,0.30,1.25,35.30
337.90,189.00,0.00,174.90,9.50,2.81,944.70,755.80,3.00,0.52,0.33,1.25,24.10
374.00,189.20,0.00,170.10,10.10,2.70,926.10,756.70,7.00,0.45,0.30,1.22,46.20
313.30,262.20,0.00,175.50,8.60,2.74,1046.90,611.80,7.00,0.56,0.30,1.71,42.80
425.00,106.30,0.00,153.50,16.50,3.88,852.10,887.10,7.00,0.36,0.29,0.96,49.20
425.00,106.30,0.00,151.40,18.60,4.38,936.00,803.70,7.00,0.36,0.28,1.16,46.80
375.00,93.80,0.00,126.60,23.40,6.24,852.10,992.60,7.00,0.34,0.27,0.86,45.70
475.00,118.80,0.00,181.10,8.90,1.87,852.10,781.50,7.00,0.38,0.30,1.09,55.60
469.00,117.20,0.00,137.80,32.20,6.87,852.10,840.50,7.00,0.29,0.24,1.01,54.90
425.00,106.30,0.00,153.50,16.50,3.88,852.10,887.10,7.00,0.36,0.29,0.96,49.20
388.60,97.10,0.00,157.90,12.10,3.11,852.10,925.70,7.00,0.41,0.33,0.92,34.90
531.30,0.00,0.00,141.80,28.20,5.31,852.10,893.70,7.00,0.27,0.27,0.95,46.90
425.00,106.30,0.00,153.50,16.50,3.88,852.10,887.10,7.00,0.36,0.29,0.96,49.20
318.80,212.50,0.00,155.70,14.30,4.49,852.10,880.40,7.00,0.49,0.29,0.97,33.40
401.80,94.70,0.00,147.40,11.40,2.84,946.80,852.10,7.00,0.37,0.30,1.11,54.10
362.60,189.00,0.00,164.90,11.60,3.20,944.70,755.80,7.00,0.45,0.30,1.25,55.90
323.70,282.80,0.00,183.80,10.30,3.18,942.70,659.90,7.00,0.57,0.30,1.43,49.80
379.50,151.20,0.00,153.90,15.90,4.19,1134.30,605.00,7.00,0.41,0.29,1.87,47.10
362.60,189.00,0.00,164.90,11.60,3.20,944.70,755.80,7.00,0.45,0.30,1.25,55.90
286.30,200.90,0.00,144.70,11.20,3.91,1004.60,803.70,7.00,0.51,0.30,1.25,38.00
362.60,189.00,0.00,164.90,11.60,3.20,944.70,755.80,7.00,0.45,0.30,1.25,55.90
439.00,177.00,0.00,186.00,11.10,2.53,884.90,707.90,7.00,0.42,0.30,1.25,56.10
389.90,189.00,0.00,145.90,22.00,5.64,944.70,755.80,7.00,0.37,0.25,1.25,59.09
362.60,189.00,0.00,164.90,11.60,3.20,944.70,755.80,7.00,0.45,0.30,1.25,22.90
337.90,189.00,0.00,174.90,9.50,2.81,944.70,755.80,7.00,0.52,0.33,1.25,35.10
374.00,189.20,0.00,170.10,10.10,2.70,926.10,756.70,28.00,0.45,0.30,1.22,61.09
313.30,262.20,0.00,175.50,8.60,2.74,1046.90,611.80,28.00,0.56,0.30,1.71,59.80
425.00,106.30,0.00,153.50,16.50,3.88,852.10,887.10,28.00,0.36,0.29,0.96,60.29
425.00,106.30,0.00,151.40,18.60,4.38,936.00,803.70,28.00,0.36,0.28,1.16,61.80
375.00,93.80,0.00,126.60,23.40,6.24,852.10,992.60,28.00,0.34,0.27,0.86,56.70
475.00,118.80,0.00,181.10,8.90,1.87,852.10,781.50,28.00,0.38,0.30,1.09,68.30
469.00,117.20,0.00,137.80,32.20,6.87,852.10,840.50,28.00,0.29,0.24,1.01,66.90
425.00,106.30,0.00,153.50,16.50,3.88,852.10,887.10,28.00,0.36,0.29,0.96,60.29
388.60,97.10,0.00,157.90,12.10,3.11,852.10,925.70,28.00,0.41,0.33,0.92,50.70
531.30,0.00,0.00,141.80,28.20,5.31,852.10,893.70,28.00,0.27,0.27,0.95,56.40
425.00,106.30,0.00,153.50,16.50,3.88,852.10,887.10,28.00,0.36,0.29,0.96,60.29
318.80,212.50,0.00,155.70,14.30,4.49,852.10,880.40,28.00,0.49,0.29,0.97,55.50
401.80,94.70,0.00,147.40,11.40,2.84,946.80,852.10,28.00,0.37,0.30,1.11,68.50
362.60,189.00,0.00,164.90,11.60,3.20,944.70,755.80,28.00,0.45,0.30,1.25,71.30
323.70,282.80,0.00,183.80,10.30,3.18,942.70,659.90,28.00,0.57,0.30,1.43,74.70
379.50,151.20,0.00,153.90,15.90,4.19,1134.30,605.00,28.00,0.41,0.29,1.87,52.20
362.60,189.00,0.00,164.90,11.60,3.20,944.70,755.80,28.00,0.45,0.30,1.25,71.30
286.30,200.90,0.00,144.70,11.20,3.91,1004.60,803.70,28.00,0.51,0.30,1.25,67.70
362.60,189.00,0.00,164.90,11.60,3.20,944.70,755.80,28.00,0.45,0.30,1.25,71.30
439.00,177.00,0.00,186.00,11.10,2.53,884.90,707.90,28.00,0.42,0.30,1.25,66.00
389.90,189.00,0.00,145.90,22.00,5.64,944.70,755.80,28.00,0.37,0.25,1.25,74.50
362.60,189.00,0.00,164.90,11.60,3.20,944.70,755.80,28.00,0.45,0.30,1.25,71.30
337.90,189.00,0.00,174.90,9.50,2.81,944.70,755.80,28.00,0.52,0.33,1.25,49.90
374.00,189.20,0.00,170.10,10.10,2.70,926.10,756.70,56.00,0.45,0.30,1.22,63.40
313.30,262.20,0.00,175.50,8.60,2.74,1046.90,611.80,56.00,0.56,0.30,1.71,64.90
425.00,106.30,0.00,153.50,16.50,3.88,852.10,887.10,56.00,0.36,0.29,0.96,64.30
425.00,106.30,0.00,151.40,18.60,4.38,936.00,803.70,56.00,0.36,0.28,1.16,64.90
375.00,93.80,0.00,126.60,23.40,6.24,852.10,992.60,56.00,0.34,0.27,0.86,60.20
475.00,118.80,0.00,181.10,8.90,1.87,852.10,781.50,56.00,0.38,0.30,1.09,72.30
469.00,117.20,0.00,137.80,32.20,6.87,852.10,840.50,56.00,0.29,0.24,1.01,69.30
425.00,106.30,0.00,153.50,16.50,3.88,852.10,887.10,56.00,0.36,0.29,0.96,64.30
388.60,97.10,0.00,157.90,12.10,3.11,852.10,925.70,56.00,0.41,0.33,0.92,55.20
531.30,0.00,0.00,141.80,28.20,5.31,852.10,893.70,56.00,0.27,0.27,0.95,58.80
425.00,106.30,0.00,153.50,16.50,3.88,852.10,887.10,56.00,0.36,0.29,0.96,64.30
318.80,212.50,0.00,155.70,14.30,4.49,852.10,880.40,56.00,0.49,0.29,0.97,66.10
401.80,94.70,0.00,147.40,11.40,2.84,946.80,852.10,56.00,0.37,0.30,1.11,73.70
362.60,189.00,0.00,164.90,11.60,3.20,944.70,755.80,56.00,0.45,0.30,1.25,77.30
323.70,282.80,0.00,183.80,10.30,3.18,942.70,659.90,56.00,0.57,0.30,1.43,80.20
379.50,151.20,0.00,153.90,15.90,4.19,1134.30,605.00,56.00,0.41,0.29,1.87,54.90
362.60,189.00,0.00,164.90,11.60,3.20,944.70,755.80,56.00,0.45,0.30,1.25,77.30
286.30,200.90,0.00,144.70,11.20,3.91,1004.60,803.70,56.00,0.51,0.30,1.25,72.99
362.60,189.00,0.00,164.90,11.60,3.20,944.70,755.80,56.00,0.45,0.30,1.25,77.30
439.00,177.00,0.00,186.00,11.10,2.53,884.90,707.90,56.00,0.42,0.30,1.25,71.70
389.90,189.00,0.00,145.90,22.00,5.64,944.70,755.80,56.00,0.37,0.25,1.25,79.40
362.60,189.00,0.00,164.90,11.60,3.20,944.70,755.80,56.00,0.45,0.30,1.25,77.30
337.90,189.00,0.00,174.90,9.50,2.81,944.70,755.80,56.00,0.52,0.33,1.25,59.89
374.00,189.20,0.00,170.10,10.10,2.70,926.10,756.70,91.00,0.45,0.30,1.22,64.90
313.30,262.20,0.00,175.50,8.60,2.74,1046.90,611.80,91.00,0.56,0.30,1.71,66.60
425.00,106.30,0.00,153.50,16.50,3.88,852.10,887.10,91.00,0.36,0.29,0.96,65.20
425.00,106.30,0.00,151.40,18.60,4.38,936.00,803.70,91.00,0.36,0.28,1.16,66.70
375.00,93.80,0.00,126.60,23.40,6.24,852.10,992.60,91.00,0.34,0.27,0.86,62.50
475.00,118.80,0.00,181.10,8.90,1.87,852.10,781.50,91.00,0.38,0.30,1.09,74.19
469.00,117.20,0.00,137.80,32.20,6.87,852.10,840.50,91.00,0.29,0.24,1.01,70.70
425.00,106.30,0.00,153.50,16.50,3.88,852.10,887.10,91.00,0.36,0.29,0.96,65.20
388.60,97.10,0.00,157.90,12.10,3.11,852.10,925.70,91.00,0.41,0.33,0.92,57.60
531.30,0.00,0.00,141.80,28.20,5.31,852.10,893.70,91.00,0.27,0.27,0.95,59.20
425.00,106.30,0.00,153.50,16.50,3.88,852.10,887.10,91.00,0.36,0.29,0.96,65.20
318.80,212.50,0.00,155.70,14.30,4.49,852.10,880.40,91.00,0.49,0.29,0.97,68.10
401.80,94.70,0.00,147.40,11.40,2.84,946.80,852.10,91.00,0.37,0.30,1.11,75.50
362.60,189.00,0.00,164.90,11.60,3.20,944.70,755.80,91.00,0.45,0.30,1.25,79.30
379.50,151.20,0.00,153.90,15.90,4.19,1134.30,605.00,91.00,0.41,0.29,1.87,56.50
362.60,189.00,0.00,164.90,11.60,3.20,944.70,755.80,91.00,0.45,0.30,1.25,79.30
286.30,200.90,0.00,144.70,11.20,3.91,1004.60,803.70,91.00,0.51,0.30,1.25,76.80
362.60,189.00,0.00,164.90,11.60,3.20,944.70,755.80,91.00,0.45,0.30,1.25,79.30
439.00,177.00,0.00,186.00,11.10,2.53,884.90,707.90,91.00,0.42,0.30,1.25,73.30
389.90,189.00,0.00,145.90,22.00,5.64,944.70,755.80,91.00,0.37,0.25,1.25,82.60
362.60,189.00,0.00,164.90,11.60,3.20,944.70,755.80,91.00,0.45,0.30,1.25,79.30
337.90,189.00,0.00,174.90,9.50,2.81,944.70,755.80,91.00,0.52,0.33,1.25,67.80
222.36,0.00,96.67,189.29,4.46,2.01,967.08,870.32,3.00,0.85,0.59,1.11,11.58
222.36,0.00,96.67,189.29,4.46,2.01,967.08,870.32,14.00,0.85,0.59,1.11,24.45
222.36,0.00,96.67,189.29,4.46,2.01,967.08,870.32,28.00,0.85,0.59,1.11,24.89
222.36,0.00,96.67,189.29,4.46,2.01,967.08,870.32,56.00,0.85,0.59,1.11,29.45
222.36,0.00,96.67,189.29,4.46,2.01,967.08,870.32,100.00,0.85,0.59,1.11,40.71
233.81,0.00,94.58,197.89,4.57,1.95,947.04,852.16,3.00,0.85,0.60,1.11,10.38
233.81,0.00,94.58,197.89,4.57,1.95,947.04,852.16,14.00,0.85,0.60,1.11,22.14
233.81,0.00,94.58,197.89,4.57,1.95,947.04,852.16,28.00,0.85,0.60,1.11,22.84
233.81,0.00,94.58,197.89,4.57,1.95,947.04,852.16,56.00,0.85,0.60,1.11,27.66
233.81,0.00,94.58,197.89,4.57,1.95,947.04,852.16,100.00,0.85,0.60,1.11,34.56
194.68,0.00,100.52,165.62,7.48,3.84,1006.40,905.90,3.00,0.85,0.56,1.11,12.45
194.68,0.00,100.52,165.62,7.48,3.84,1006.40,905.90,14.00,0.85,0.56,1.11,24.99
194.68,0.00,100.52,165.62,7.48,3.84,1006.40,905.90,28.00,0.85,0.56,1.11,25.72
194.68,0.00,100.52,165.62,7.48,3.84,1006.40,905.90,56.00,0.85,0.56,1.11,33.96
194.68,0.00,100.52,165.62,7.48,3.84,1006.40,905.90,100.00,0.85,0.56,1.11,37.34
190.68,0.00,125.40,162.14,7.77,4.07,1090.00,804.01,3.00,0.85,0.51,1.36,15.04
190.68,0.00,125.40,162.14,7.77,4.07,1090.00,804.01,14.00,0.85,0.51,1.36,21.06
190.68,0.00,125.40,162.14,7.77,4.07,1090.00,804.01,28.00,0.85,0.51,1.36,26.40
190.68,0.00,125.40,162.14,7.77,4.07,1090.00,804.01,56.00,0.85,0.51,1.36,35.34
190.68,0.00,125.40,162.14,7.77,4.07,1090.00,804.01,100.00,0.85,0.51,1.36,40.57
212.07,0.00,121.62,180.31,5.69,2.68,1057.60,779.32,3.00,0.85,0.54,1.36,12.47
212.07,0.00,121.62,180.31,5.69,2.68,1057.60,779.32,14.00,0.85,0.54,1.36,20.92
212.07,0.00,121.62,180.31,5.69,2.68,1057.60,779.32,28.00,0.85,0.54,1.36,24.90
212.07,0.00,121.62,180.31,5.69,2.68,1057.60,779.32,56.00,0.85,0.54,1.36,34.20
212.07,0.00,121.62,180.31,5.69,2.68,1057.60,779.32,100.00,0.85,0.54,1.36,39.61
229.97,0.00,118.31,195.47,4.63,2.01,1029.40,758.59,3.00,0.85,0.56,1.36,10.03
229.97,0.00,118.31,195.47,4.63,2.01,1029.40,758.59,14.00,0.85,0.56,1.36,20.08
229.97,0.00,118.31,195.47,4.63,2.01,1029.40,758.59,28.00,0.85,0.56,1.36,24.48
229.97,0.00,118.31,195.47,4.63,2.01,1029.40,758.59,56.00,0.85,0.56,1.36,31.54
229.97,0.00,118.31,195.47,4.63,2.01,1029.40,758.59,100.00,0.85,0.56,1.36,35.34
190.34,0.00,125.18,161.85,9.88,5.19,1088.10,802.59,3.00,0.85,0.51,1.36,9.45
190.34,0.00,125.18,161.85,9.88,5.19,1088.10,802.59,14.00,0.85,0.51,1.36,22.72
190.34,0.00,125.18,161.85,9.88,5.19,1088.10,802.59,28.00,0.85,0.51,1.36,28.47
190.34,0.00,125.18,161.85,9.88,5.19,1088.10,802.59,56.00,0.85,0.51,1.36,38.56
190.34,0.00,125.18,161.85,9.88,5.19,1088.10,802.59,100.00,0.85,0.51,1.36,40.39
166.09,0.00,163.27,176.46,4.49,2.70,1058.60,780.09,3.00,1.06,0.54,1.36,10.76
166.09,0.00,163.27,176.46,4.49,2.70,1058.60,780.09,14.00,1.06,0.54,1.36,25.48
166.09,0.00,163.27,176.46,4.49,2.70,1058.60,780.09,28.00,1.06,0.54,1.36,21.54
166.09,0.00,163.27,176.46,4.49,2.70,1058.60,780.09,56.00,1.06,0.54,1.36,28.63
166.09,0.00,163.27,176.46,4.49,2.70,1058.60,780.09,100.00,1.06,0.54,1.36,33.54
167.95,42.08,163.83,121.75,5.72,3.41,1058.70,780.11,3.00,0.72,0.33,1.36,7.75
167.95,42.08,163.83,121.75,5.72,3.41,1058.70,780.11,14.00,0.72,0.33,1.36,17.82
167.95,42.08,163.83,121.75,5.72,3.41,1058.70,780.11,28.00,0.72,0.33,1.36,24.24
167.95,42.08,163.83,121.75,5.72,3.41,1058.70,780.11,56.00,0.72,0.33,1.36,32.85
167.95,42.08,163.83,121.75,5.72,3.41,1058.70,780.11,100.00,0.72,0.33,1.36,39.23
213.72,98.05,24.51,181.71,6.86,3.21,1065.80,785.38,3.00,0.85,0.54,1.36,18.00
213.72,98.05,24.51,181.71,6.86,3.21,1065.80,785.38,14.00,0.85,0.54,1.36,30.39
213.72,98.05,24.51,181.71,6.86,3.21,1065.80,785.38,28.00,0.85,0.54,1.36,45.71
213.72,98.05,24.51,181.71,6.86,3.21,1065.80,785.38,56.00,0.85,0.54,1.36,50.77
213.72,98.05,24.51,181.71,6.86,3.21,1065.80,785.38,100.00,0.85,0.54,1.36,53.90
213.76,98.06,24.52,181.74,6.65,3.11,1066.00,785.52,3.00,0.85,0.54,1.36,13.18
213.76,98.06,24.52,181.74,6.65,3.11,1066.00,785.52,14.00,0.85,0.54,1.36,17.84
213.76,98.06,24.52,181.74,6.65,3.11,1066.00,785.52,28.00,0.85,0.54,1.36,40.23
213.76,98.06,24.52,181.74,6.65,3.11,1066.00,785.52,56.00,0.85,0.54,1.36,47.13
213.76,98.06,24.52,181.74,6.65,3.11,1066.00,785.52,100.00,0.85,0.54,1.36,49.97
229.68,0.00,118.16,195.23,6.13,2.67,1028.10,757.63,3.00,0.85,0.56,1.36,13.36
229.68,0.00,118.16,195.23,6.13,2.67,1028.10,757.63,14.00,0.85,0.56,1.36,22.32
229.68,0.00,118.16,195.23,6.13,2.67,1028.10,757.63,28.00,0.85,0.56,1.36,24.54
229.68,0.00,118.16,195.23,6.13,2.67,1028.10,757.63,56.00,0.85,0.56,1.36,31.35
229.68,0.00,118.16,195.23,6.13,2.67,1028.10,757.63,100.00,0.85,0.56,1.36,40.86
238.05,0.00,94.11,186.66,7.00,2.94,949.91,847.01,3.00,0.78,0.56,1.12,19.93
238.05,0.00,94.11,186.66,7.00,2.94,949.91,847.01,14.00,0.78,0.56,1.12,25.69
238.05,0.00,94.11,186.66,7.00,2.94,949.91,847.01,28.00,0.78,0.56,1.12,30.23
238.05,0.00,94.11,186.66,7.00,2.94,949.91,847.01,56.00,0.78,0.56,1.12,39.59
238.05,0.00,94.11,186.66,7.00,2.94,949.91,847.01,100.00,0.78,0.56,1.12,44.30
250.00,0.00,95.69,187.42,5.53,2.21,956.86,861.17,3.00,0.75,0.54,1.11,13.82
250.00,0.00,95.69,187.42,5.53,2.21,956.86,861.17,14.00,0.75,0.54,1.11,24.92
250.00,0.00,95.69,187.42,5.53,2.21,956.86,861.17,28.00,0.75,0.54,1.11,29.22
250.00,0.00,95.69,187.42,5.53,2.21,956.86,861.17,56.00,0.75,0.54,1.11,38.33
250.00,0.00,95.69,187.42,5.53,2.21,956.86,861.17,100.00,0.75,0.54,1.11,42.35
212.52,0.00,100.37,159.32,8.71,4.10,1007.80,903.59,3.00,0.75,0.51,1.12,13.54
212.52,0.00,100.37,159.32,8.71,4.10,1007.80,903.59,14.00,0.75,0.51,1.12,26.31
212.52,0.00,100.37,159.32,8.71,4.10,1007.80,903.59,28.00,0.75,0.51,1.12,31.64
212.52,0.00,100.37,159.32,8.71,4.10,1007.80,903.59,56.00,0.75,0.51,1.12,42.55
212.52,0.00,100.37,159.32,8.71,4.10,1007.80,903.59,100.00,0.75,0.51,1.12,42.92
212.57,0.00,100.39,159.35,10.37,4.88,1003.80,903.79,3.00,0.75,0.51,1.11,13.33
212.57,0.00,100.39,159.35,10.37,4.88,1003.80,903.79,14.00,0.75,0.51,1.11,25.37
212.57,0.00,100.39,159.35,10.37,4.88,1003.80,903.79,28.00,0.75,0.51,1.11,37.40
212.57,0.00,100.39,159.35,10.37,4.88,1003.80,903.79,56.00,0.75,0.51,1.11,44.40
212.57,0.00,100.39,159.35,10.37,4.88,1003.80,903.79,100.00,0.75,0.51,1.11,47.74
212.00,0.00,124.78,159.00,7.84,3.70,1085.40,799.54,3.00,0.75,0.47,1.36,19.52
212.00,0.00,124.78,159.00,7.84,3.70,1085.40,799.54,14.00,0.75,0.47,1.36,31.35
212.00,0.00,124.78,159.00,7.84,3.70,1085.40,799.54,28.00,0.75,0.47,1.36,38.50
212.00,0.00,124.78,159.00,7.84,3.70,1085.40,799.54,56.00,0.75,0.47,1.36,45.08
212.00,0.00,124.78,159.00,7.84,3.70,1085.40,799.54,100.00,0.75,0.47,1.36,47.82
231.75,0.00,121.62,173.96,6.72,2.90,1056.40,778.45,3.00,0.75,0.49,1.36,15.44
231.75,0.00,121.62,173.96,6.72,2.90,1056.40,778.45,14.00,0.75,0.49,1.36,26.77
231.75,0.00,121.62,173.96,6.72,2.90,1056.40,778.45,28.00,0.75,0.49,1.36,33.73
231.75,0.00,121.62,173.96,6.72,2.90,1056.40,778.45,56.00,0.75,0.49,1.36,42.70
231.75,0.00,121.62,173.96,6.72,2.90,1056.40,778.45,100.00,0.75,0.49,1.36,45.84
251.37,0.00,118.27,188.45,5.75,2.29,1028.40,757.73,3.00,0.75,0.51,1.36,17.22
251.37,0.00,118.27,188.45,5.75,2.29,1028.40,757.73,14.00,0.75,0.51,1.36,29.93
251.37,0.00,118.27,188.45,5.75,2.29,1028.40,757.73,28.00,0.75,0.51,1.36,29.65
251.37,0.00,118.27,188.45,5.75,2.29,1028.40,757.73,56.00,0.75,0.51,1.36,36.97
251.37,0.00,118.27,188.45,5.75,2.29,1028.40,757.73,100.00,0.75,0.51,1.36,43.58
251.37,0.00,118.27,188.45,6.35,2.53,1028.40,757.73,3.00,0.75,0.51,1.36,13.12
251.37,0.00,118.27,188.45,6.35,2.53,1028.40,757.73,14.00,0.75,0.51,1.36,24.43
251.37,0.00,118.27,188.45,6.35,2.53,1028.40,757.73,28.00,0.75,0.51,1.36,32.66
251.37,0.00,118.27,188.45,6.35,2.53,1028.40,757.73,56.00,0.75,0.51,1.36,36.64
251.37,0.00,118.27,188.45,6.35,2.53,1028.40,757.73,100.00,0.75,0.51,1.36,44.21
181.38,0.00,167.01,169.59,7.56,4.17,1055.60,777.80,3.00,0.93,0.49,1.36,13.62
181.38,0.00,167.01,169.59,7.56,4.17,1055.60,777.80,14.00,0.93,0.49,1.36,21.60
181.38,0.00,167.01,169.59,7.56,4.17,1055.60,777.80,28.00,0.93,0.49,1.36,27.77
181.38,0.00,167.01,169.59,7.56,4.17,1055.60,777.80,56.00,0.93,0.49,1.36,35.57
181.38,0.00,167.01,169.59,7.56,4.17,1055.60,777.80,100.00,0.93,0.49,1.36,45.37
182.04,45.21,121.97,170.21,8.19,4.50,1059.40,780.65,3.00,0.94,0.49,1.36,7.32
182.04,45.21,121.97,170.21,8.19,4.50,1059.40,780.65,14.00,0.94,0.49,1.36,21.50
182.04,45.21,121.97,170.21,8.19,4.50,1059.40,780.65,28.00,0.94,0.49,1.36,31.27
182.04,45.21,121.97,170.21,8.19,4.50,1059.40,780.65,56.00,0.94,0.49,1.36,43.50
182.04,45.21,121.97,170.21,8.19,4.50,1059.40,780.65,100.00,0.94,0.49,1.36,48.67
168.88,42.22,124.25,158.33,10.83,6.41,1080.80,796.15,3.00,0.94,0.47,1.36,7.40
168.88,42.22,124.25,158.33,10.83,6.41,1080.80,796.15,14.00,0.94,0.47,1.36,23.51
168.88,42.22,124.25,158.33,10.83,6.41,1080.80,796.15,28.00,0.94,0.47,1.36,31.12
168.88,42.22,124.25,158.33,10.83,6.41,1080.80,796.15,56.00,0.94,0.47,1.36,39.15
168.88,42.22,124.25,158.33,10.83,6.41,1080.80,796.15,100.00,0.94,0.47,1.36,48.15
290.35,0.00,96.18,168.08,9.41,3.24,961.18,865.00,3.00,0.58,0.43,1.11,22.50
290.35,0.00,96.18,168.08,9.41,3.24,961.18,865.00,14.00,0.58,0.43,1.11,34.67
290.35,0.00,96.18,168.08,9.41,3.24,961.18,865.00,28.00,0.58,0.43,1.11,34.74
290.35,0.00,96.18,168.08,9.41,3.24,961.18,865.00,56.00,0.58,0.43,1.11,45.08
290.35,0.00,96.18,168.08,9.41,3.24,961.18,865.00,100.00,0.58,0.43,1.11,48.97
277.05,0.00,97.39,160.60,11.83,4.27,973.90,875.61,3.00,0.58,0.43,1.11,23.14
277.05,0.00,97.39,160.60,11.83,4.27,973.90,875.61,14.00,0.58,0.43,1.11,41.89
277.05,0.00,97.39,160.60,11.83,4.27,973.90,875.61,28.00,0.58,0.43,1.11,48.28
277.05,0.00,97.39,160.60,11.83,4.27,973.90,875.61,56.00,0.58,0.43,1.11,51.04
277.05,0.00,97.39,160.60,11.83,4.27,973.90,875.61,100.00,0.58,0.43,1.11,55.64
295.71,0.00,95.64,171.54,8.87,3.00,955.14,859.20,3.00,0.58,0.44,1.11,22.95
295.71,0.00,95.64,171.54,8.87,3.00,955.14,859.20,14.00,0.58,0.44,1.11,35.23
295.71,0.00,95.64,171.54,8.87,3.00,955.14,859.20,28.00,0.58,0.44,1.11,39.94
295.71,0.00,95.64,171.54,8.87,3.00,955.14,859.20,56.00,0.58,0.44,1.11,48.72
295.71,0.00,95.64,171.54,8.87,3.00,955.14,859.20,100.00,0.58,0.44,1.11,52.04
251.81,0.00,99.94,146.14,12.35,4.90,1006.00,899.76,3.00,0.58,0.42,1.12,21.02
251.81,0.00,99.94,146.14,12.35,4.90,1006.00,899.76,14.00,0.58,0.42,1.12,33.36
251.81,0.00,99.94,146.14,12.35,4.90,1006.00,899.76,28.00,0.58,0.42,1.12,33.94
251.81,0.00,99.94,146.14,12.35,4.90,1006.00,899.76,56.00,0.58,0.42,1.12,44.14
251.81,0.00,99.94,146.14,12.35,4.90,1006.00,899.76,100.00,0.58,0.42,1.12,45.37
249.10,0.00,98.75,158.11,12.80,5.14,987.76,889.01,3.00,0.63,0.45,1.11,15.36
249.10,0.00,98.75,158.11,12.80,5.14,987.76,889.01,14.00,0.63,0.45,1.11,28.68
249.10,0.00,98.75,158.11,12.80,5.14,987.76,889.01,28.00,0.63,0.45,1.11,30.85
249.10,0.00,98.75,158.11,12.80,5.14,987.76,889.01,56.00,0.63,0.45,1.11,42.03
249.10,0.00,98.75,158.11,12.80,5.14,987.76,889.01,100.00,0.63,0.45,1.11,51.06
252.31,0.00,98.75,146.25,14.17,5.62,987.76,889.01,3.00,0.58,0.42,1.11,21.78
252.31,0.00,98.75,146.25,14.17,5.62,987.76,889.01,14.00,0.58,0.42,1.11,42.29
252.31,0.00,98.75,146.25,14.17,5.62,987.76,889.01,28.00,0.58,0.42,1.11,50.60
252.31,0.00,98.75,146.25,14.17,5.62,987.76,889.01,56.00,0.58,0.42,1.11,55.83
252.31,0.00,98.75,146.25,14.17,5.62,987.76,889.01,100.00,0.58,0.42,1.11,60.95
246.83,0.00,125.08,143.30,11.99,4.86,1086.80,800.89,3.00,0.58,0.39,1.36,23.52
246.83,0.00,125.08,143.30,11.99,4.86,1086.80,800.89,14.00,0.58,0.39,1.36,42.22
246.83,0.00,125.08,143.30,11.99,4.86,1086.80,800.89,28.00,0.58,0.39,1.36,52.50
246.83,0.00,125.08,143.30,11.99,4.86,1086.80,800.89,56.00,0.58,0.39,1.36,60.32
246.83,0.00,125.08,143.30,11.99,4.86,1086.80,800.89,100.00,0.58,0.39,1.36,66.42
275.07,0.00,121.35,159.48,9.90,3.60,1053.60,777.50,3.00,0.58,0.40,1.36,23.80
275.07,0.00,121.35,159.48,9.90,3.60,1053.60,777.50,14.00,0.58,0.40,1.36,38.77
275.07,0.00,121.35,159.48,9.90,3.60,1053.60,777.50,28.00,0.58,0.40,1.36,51.33
275.07,0.00,121.35,159.48,9.90,3.60,1053.60,777.50,56.00,0.58,0.40,1.36,56.85
275.07,0.00,121.35,159.48,9.90,3.60,1053.60,777.50,100.00,0.58,0.40,1.36,58.61
297.16,0.00,117.54,174.80,9.52,3.20,1022.80,753.45,3.00,0.59,0.42,1.36,21.91
297.16,0.00,117.54,174.80,9.52,3.20,1022.80,753.45,14.00,0.59,0.42,1.36,36.99
297.16,0.00,117.54,174.80,9.52,3.20,1022.80,753.45,28.00,0.59,0.42,1.36,47.40
297.16,0.00,117.54,174.80,9.52,3.20,1022.80,753.45,56.00,0.59,0.42,1.36,51.96
297.16,0.00,117.54,174.80,9.52,3.20,1022.80,753.45,100.00,0.59,0.42,1.36,56.74
213.74,0.00,174.74,154.79,10.16,4.75,1053.50,776.35,3.00,0.72,0.40,1.36,17.57
213.74,0.00,174.74,154.79,10.16,4.75,1053.50,776.35,14.00,0.72,0.40,1.36,33.73
213.74,0.00,174.74,154.79,10.16,4.75,1053.50,776.35,28.00,0.72,0.40,1.36,40.15
213.74,0.00,174.74,154.79,10.16,4.75,1053.50,776.35,56.00,0.72,0.40,1.36,46.64
213.74,0.00,174.74,154.79,10.16,4.75,1053.50,776.35,100.00,0.72,0.40,1.36,50.08
213.50,0.00,174.24,154.61,11.66,5.46,1052.30,775.48,3.00,0.72,0.40,1.36,17.37
213.50,0.00,174.24,154.61,11.66,5.46,1052.30,775.48,14.00,0.72,0.40,1.36,33.70
213.50,0.00,174.24,154.61,11.66,5.46,1052.30,775.48,28.00,0.72,0.40,1.36,45.94
213.50,0.00,174.24,154.61,11.66,5.46,1052.30,775.48,56.00,0.72,0.40,1.36,51.43
213.50,0.00,174.24,154.61,11.66,5.46,1052.30,775.48,100.00,0.72,0.40,1.36,59.30
277.19,97.82,24.46,160.70,11.19,4.04,1061.70,782.46,3.00,0.58,0.40,1.36,30.45
277.19,97.82,24.46,160.70,11.19,4.04,1061.70,782.46,14.00,0.58,0.40,1.36,47.71
277.19,97.82,24.46,160.70,11.19,4.04,1061.70,782.46,28.00,0.58,0.40,1.36,63.14
277.19,97.82,24.46,160.70,11.19,4.04,1061.70,782.46,56.00,0.58,0.40,1.36,66.82
277.19,97.82,24.46,160.70,11.19,4.04,1061.70,782.46,100.00,0.58,0.40,1.36,66.95
218.23,54.64,123.78,140.75,11.91,5.46,1075.70,792.67,3.00,0.64,0.35,1.36,27.42
218.23,54.64,123.78,140.75,11.91,5.46,1075.70,792.67,14.00,0.64,0.35,1.36,35.96
218.23,54.64,123.78,140.75,11.91,5.46,1075.70,792.67,28.00,0.64,0.35,1.36,55.51
218.23,54.64,123.78,140.75,11.91,5.46,1075.70,792.67,56.00,0.64,0.35,1.36,61.99
218.23,54.64,123.78,140.75,11.91,5.46,1075.70,792.67,100.00,0.64,0.35,1.36,63.53
214.90,53.80,121.89,155.63,9.61,4.47,1014.30,780.58,3.00,0.72,0.40,1.30,18.02
214.90,53.80,121.89,155.63,9.61,4.47,1014.30,780.58,14.00,0.72,0.40,1.30,38.60
214.90,53.80,121.89,155.63,9.61,4.47,1014.30,780.58,28.00,0.72,0.40,1.30,52.20
214.90,53.80,121.89,155.63,9.61,4.47,1014.30,780.58,56.00,0.72,0.40,1.30,53.96
214.90,53.80,121.89,155.63,9.61,4.47,1014.30,780.58,100.00,0.72,0.40,1.30,56.63
218.85,0.00,124.13,158.49,11.33,5.18,1078.70,794.91,3.00,0.72,0.46,1.36,15.34
218.85,0.00,124.13,158.49,11.33,5.18,1078.70,794.91,14.00,0.72,0.46,1.36,26.05
218.85,0.00,124.13,158.49,11.33,5.18,1078.70,794.91,28.00,0.72,0.46,1.36,30.22
218.85,0.00,124.13,158.49,11.33,5.18,1078.70,794.91,56.00,0.72,0.46,1.36,37.27
218.85,0.00,124.13,158.49,11.33,5.18,1078.70,794.91,100.00,0.72,0.46,1.36,46.23
376.00,0.00,0.00,214.60,0.00,0.00,1003.50,762.36,3.00,0.57,0.57,1.32,16.28
376.00,0.00,0.00,214.60,0.00,0.00,1003.50,762.36,14.00,0.57,0.57,1.32,25.62
376.00,0.00,0.00,214.60,0.00,0.00,1003.50,762.36,28.00,0.57,0.57,1.32,31.97
376.00,0.00,0.00,214.60,0.00,0.00,1003.50,762.36,56.00,0.57,0.57,1.32,36.30
376.00,0.00,0.00,214.60,0.00,0.00,1003.50,762.36,100.00,0.57,0.57,1.32,43.06
500.00,0.00,0.00,140.00,4.00,0.80,966.00,853.00,28.00,0.28,0.28,1.13,67.57
475.00,0.00,59.00,142.00,1.90,0.40,1098.00,641.00,28.00,0.30,0.27,1.71,57.23
315.00,137.00,0.00,145.00,5.90,1.87,1130.00,745.00,28.00,0.46,0.32,1.52,81.75
505.00,0.00,60.00,195.00,0.00,0.00,1030.00,630.00,28.00,0.39,0.35,1.63,64.02
451.00,0.00,0.00,165.00,11.25,2.49,1030.00,745.00,28.00,0.37,0.37,1.38,78.80
516.00,0.00,0.00,162.00,8.20,1.59,801.00,802.00,28.00,0.31,0.31,1.00,41.37
520.00,0.00,0.00,170.00,5.20,1.00,855.00,855.00,28.00,0.33,0.33,1.00,60.28
528.00,0.00,0.00,185.00,6.86,1.30,920.00,720.00,28.00,0.35,0.35,1.28,56.83
520.00,0.00,0.00,175.00,5.20,1.00,870.00,805.00,28.00,0.34,0.34,1.08,51.02
385.00,0.00,136.00,158.00,20.00,5.19,903.00,768.00,28.00,0.41,0.30,1.18,55.55
500.10,0.00,0.00,200.00,3.00,0.60,1124.40,613.20,28.00,0.40,0.40,1.83,44.13
450.10,50.00,0.00,200.00,3.00,0.67,1124.40,613.20,28.00,0.44,0.40,1.83,39.38
397.00,17.20,158.00,167.00,20.80,5.24,967.00,633.00,28.00,0.42,0.29,1.53,55.65
333.00,17.50,163.00,167.00,17.90,5.38,996.00,652.00,28.00,0.50,0.33,1.53,47.28
334.00,17.60,158.00,189.00,15.30,4.58,967.00,633.00,28.00,0.57,0.37,1.53,44.33
405.00,0.00,0.00,175.00,0.00,0.00,1120.00,695.00,28.00,0.43,0.43,1.61,52.30
200.00,200.00,0.00,190.00,0.00,0.00,1145.00,660.00,28.00,0.95,0.48,1.73,49.25
516.00,0.00,0.00,162.00,8.26,1.60,801.00,802.00,28.00,0.31,0.31,1.00,41.37
145.00,116.00,119.00,184.00,5.70,3.93,833.00,880.00,28.00,1.27,0.48,0.95,29.16
160.00,128.00,122.00,182.00,6.40,4.00,824.00,879.00,28.00,1.14,0.44,0.94,39.40
234.00,156.00,0.00,189.00,5.85,2.50,981.00,760.00,28.00,0.81,0.48,1.29,39.30
250.00,180.00,95.00,159.00,9.45,3.78,860.00,800.00,28.00,0.64,0.30,1.08,67.87
475.00,0.00,0.00,162.00,9.50,2.00,1044.00,662.00,28.00,0.34,0.34,1.58,58.52
285.00,190.00,0.00,163.00,7.60,2.67,1031.00,685.00,28.00,0.57,0.34,1.51,53.58
356.00,119.00,0.00,160.00,9.03,2.54,1061.00,657.00,28.00,0.45,0.34,1.61,59.00
275.00,180.00,120.00,162.00,10.35,3.76,830.00,765.00,28.00,0.59,0.28,1.08,76.24
500.00,0.00,0.00,151.00,9.00,1.80,1033.00,655.00,28.00,0.30,0.30,1.58,69.84
165.00,0.02,143.57,163.81,0.00,0.00,1005.60,900.90,3.00,0.99,0.53,1.12,14.40
165.00,128.50,132.10,175.06,8.08,4.90,1005.80,746.60,3.00,1.06,0.41,1.35,19.42
178.03,129.80,118.60,179.94,3.57,2.01,1007.30,746.80,3.00,1.01,0.42,1.35,20.73
167.35,129.90,128.62,175.46,7.79,4.65,1006.30,746.60,3.00,1.05,0.41,1.35,14.94
172.38,13.61,172.37,156.76,4.14,2.40,1006.30,856.40,3.00,0.91,0.44,1.18,21.29
173.54,50.05,173.53,164.77,6.47,3.73,1006.20,793.50,3.00,0.95,0.41,1.27,23.08
167.00,75.40,167.00,164.03,7.91,4.74,1007.30,770.10,3.00,0.98,0.40,1.31,15.52
173.81,93.37,159.90,172.34,9.73,5.60,1007.20,746.60,3.00,0.99,0.40,1.35,15.82
190.34,0.00,125.18,166.61,9.88,5.19,1079.00,798.90,3.00,0.88,0.53,1.35,12.55
250.00,0.00,95.69,191.84,5.33,2.13,948.90,857.20,3.00,0.77,0.55,1.11,8.49
213.50,0.00,174.24,159.21,11.66,5.46,1043.60,771.90,3.00,0.75,0.41,1.35,15.61
194.68,0.00,100.52,170.17,7.48,3.84,998.00,901.80,3.00,0.87,0.58,1.11,12.18
251.37,0.00,118.27,192.94,5.75,2.29,1043.60,754.30,3.00,0.77,0.52,1.38,11.98
165.00,0.02,143.57,163.81,0.00,0.00,1005.60,900.90,14.00,0.99,0.53,1.12,16.88
165.00,128.50,132.10,175.06,8.08,4.90,1005.80,746.60,14.00,1.06,0.41,1.35,33.09
178.03,129.80,118.60,179.94,3.57,2.01,1007.30,746.80,14.00,1.01,0.42,1.35,34.24
167.35,129.90,128.62,175.46,7.79,4.65,1006.30,746.60,14.00,1.05,0.41,1.35,31.81
172.38,13.61,172.37,156.76,4.14,2.40,1006.30,856.40,14.00,0.91,0.44,1.18,29.75
173.54,50.05,173.53,164.77,6.47,3.73,1006.20,793.50,14.00,0.95,0.41,1.27,33.01
167.00,75.40,167.00,164.03,7.91,4.74,1007.30,770.10,14.00,0.98,0.40,1.31,32.90
173.81,93.37,159.90,172.34,9.73,5.60,1007.20,746.60,14.00,0.99,0.40,1.35,29.55
190.34,0.00,125.18,166.61,9.88,5.19,1079.00,798.90,14.00,0.88,0.53,1.35,19.42
250.00,0.00,95.69,191.84,5.33,2.13,948.90,857.20,14.00,0.77,0.55,1.11,24.66
213.50,0.00,174.24,159.21,11.66,5.46,1043.60,771.90,14.00,0.75,0.41,1.35,29.59
194.68,0.00,100.52,170.17,7.48,3.84,998.00,901.80,14.00,0.87,0.58,1.11,24.28
251.37,0.00,118.27,192.94,5.75,2.29,1043.60,754.30,14.00,0.77,0.52,1.38,20.73
165.00,0.02,143.57,163.81,0.00,0.00,1005.60,900.90,28.00,0.99,0.53,1.12,26.20
165.00,128.50,132.10,175.06,8.08,4.90,1005.80,746.60,28.00,1.06,0.41,1.35,46.39
178.03,129.80,118.60,179.94,3.57,2.01,1007.30,746.80,28.00,1.01,0.42,1.35,39.16
167.35,129.90,128.62,175.46,7.79,4.65,1006.30,746.60,28.00,1.05,0.41,1.35,41.20
172.38,13.61,172.37,156.76,4.14,2.40,1006.30,856.40,28.00,0.91,0.44,1.18,33.69
173.54,50.05,173.53,164.77,6.47,3.73,1006.20,793.50,28.00,0.95,0.41,1.27,38.20
167.00,75.40,167.00,164.03,7.91,4.74,1007.30,770.10,28.00,0.98,0.40,1.31,41.41
173.81,93.37,159.90,172.34,9.73,5.60,1007.20,746.60,28.00,0.99,0.40,1.35,37.81
190.34,0.00,125.18,166.61,9.88,5.19,1079.00,798.90,28.00,0.88,0.53,1.35,24.85
250.00,0.00,95.69,191.84,5.33,2.13,948.90,857.20,28.00,0.77,0.55,1.11,27.22
213.50,0.00,174.24,159.21,11.66,5.46,1043.60,771.90,28.00,0.75,0.41,1.35,44.64
194.68,0.00,100.52,170.17,7.48,3.84,998.00,901.80,28.00,0.87,0.58,1.11,37.27
251.37,0.00,118.27,192.94,5.75,2.29,1043.60,754.30,28.00,0.77,0.52,1.38,33.27
165.00,0.02,143.57,163.81,0.00,0.00,1005.60,900.90,56.00,0.99,0.53,1.12,36.56
165.00,128.50,132.10,175.06,8.08,4.90,1005.80,746.60,56.00,1.06,0.41,1.35,53.72
178.03,129.80,118.60,179.94,3.57,2.01,1007.30,746.80,56.00,1.01,0.42,1.35,48.59
167.35,129.90,128.62,175.46,7.79,4.65,1006.30,746.60,56.00,1.05,0.41,1.35,51.72
172.38,13.61,172.37,156.76,4.14,2.40,1006.30,856.40,56.00,0.91,0.44,1.18,35.85
173.54,50.05,173.53,164.77,6.47,3.73,1006.20,793.50,56.00,0.95,0.41,1.27,53.77
167.00,75.40,167.00,164.03,7.91,4.74,1007.30,770.10,56.00,0.98,0.40,1.31,53.46
173.81,93.37,159.90,172.34,9.73,5.60,1007.20,746.60,56.00,0.99,0.40,1.35,48.99
190.34,0.00,125.18,166.61,9.88,5.19,1079.00,798.90,56.00,0.88,0.53,1.35,31.72
250.00,0.00,95.69,191.84,5.33,2.13,948.90,857.20,56.00,0.77,0.55,1.11,39.64
213.50,0.00,174.24,159.21,11.66,5.46,1043.60,771.90,56.00,0.75,0.41,1.35,51.26
194.68,0.00,100.52,170.17,7.48,3.84,998.00,901.80,56.00,0.87,0.58,1.11,43.39
251.37,0.00,118.27,192.94,5.75,2.29,1043.60,754.30,56.00,0.77,0.52,1.38,39.27
165.00,0.02,143.57,163.81,0.00,0.00,1005.60,900.90,100.00,0.99,0.53,1.12,37.96
165.00,128.50,132.10,175.06,8.08,4.90,1005.80,746.60,100.00,1.06,0.41,1.35,55.02
178.03,129.80,118.60,179.94,3.57,2.01,1007.30,746.80,100.00,1.01,0.42,1.35,49.99
167.35,129.90,128.62,175.46,7.79,4.65,1006.30,746.60,100.00,1.05,0.41,1.35,53.66
172.38,13.61,172.37,156.76,4.14,2.40,1006.30,856.40,100.00,0.91,0.44,1.18,37.68
173.54,50.05,173.53,164.77,6.47,3.73,1006.20,793.50,100.00,0.95,0.41,1.27,56.06
167.00,75.40,167.00,164.03,7.91,4.74,1007.30,770.10,100.00,0.98,0.40,1.31,56.81
173.81,93.37,159.90,172.34,9.73,5.60,1007.20,746.60,100.00,0.99,0.40,1.35,50.94
190.34,0.00,125.18,166.61,9.88,5.19,1079.00,798.90,100.00,0.88,0.53,1.35,33.56
250.00,0.00,95.69,191.84,5.33,2.13,948.90,857.20,100.00,0.77,0.55,1.11,41.16
213.50,0.00,174.24,159.21,11.66,5.46,1043.60,771.90,100.00,0.75,0.41,1.35,52.96
194.68,0.00,100.52,170.17,7.48,3.84,998.00,901.80,100.00,0.87,0.58,1.11,44.28
251.37,0.00,118.27,192.94,5.75,2.29,1043.60,754.30,100.00,0.77,0.52,1.38,40.15
446.00,24.00,79.00,162.00,11.61,2.60,967.00,712.00,28.00,0.36,0.30,1.36,57.03
446.00,24.00,79.00,162.00,11.64,2.61,967.00,712.00,28.00,0.36,0.30,1.36,44.42
446.00,24.00,79.00,162.00,11.64,2.61,967.00,712.00,28.00,0.36,0.30,1.36,51.02
446.00,24.00,79.00,162.00,10.30,2.31,967.00,712.00,28.00,0.36,0.30,1.36,53.39
446.00,24.00,79.00,162.00,11.61,2.60,967.00,712.00,3.00,0.36,0.30,1.36,35.36
446.00,24.00,79.00,162.00,11.64,2.61,967.00,712.00,3.00,0.36,0.30,1.36,25.02
446.00,24.00,79.00,162.00,11.64,2.61,967.00,712.00,3.00,0.36,0.30,1.36,23.35
446.00,24.00,79.00,162.00,11.61,2.60,967.00,712.00,7.00,0.36,0.30,1.36,52.01
446.00,24.00,79.00,162.00,11.64,2.61,967.00,712.00,7.00,0.36,0.30,1.36,38.02
446.00,24.00,79.00,162.00,11.64,2.61,967.00,712.00,7.00,0.36,0.30,1.36,39.30
446.00,24.00,79.00,162.00,11.61,2.60,967.00,712.00,56.00,0.36,0.30,1.36,61.07
446.00,24.00,79.00,162.00,11.64,2.61,967.00,712.00,56.00,0.36,0.30,1.36,56.14
446.00,24.00,79.00,162.00,11.64,2.61,967.00,712.00,56.00,0.36,0.30,1.36,55.25
446.00,24.00,79.00,162.00,10.30,2.31,967.00,712.00,56.00,0.36,0.30,1.36,54.77
387.00,20.00,94.00,157.00,14.32,3.70,938.00,845.00,28.00,0.41,0.31,1.11,50.24
387.00,20.00,94.00,157.00,13.93,3.60,938.00,845.00,28.00,0.41,0.31,1.11,46.68
387.00,20.00,94.00,157.00,11.61,3.00,938.00,845.00,28.00,0.41,0.31,1.11,46.68
387.00,20.00,94.00,157.00,14.32,3.70,938.00,845.00,3.00,0.41,0.31,1.11,22.75
387.00,20.00,94.00,157.00,13.93,3.60,938.00,845.00,3.00,0.41,0.31,1.11,25.51
387.00,20.00,94.00,157.00,11.61,3.00,938.00,845.00,3.00,0.41,0.31,1.11,34.77
387.00,20.00,94.00,157.00,14.32,3.70,938.00,845.00,7.00,0.41,0.31,1.11,36.84
387.00,20.00,94.00,157.00,13.93,3.60,938.00,845.00,7.00,0.41,0.31,1.11,45.90
387.00,20.00,94.00,157.00,11.61,3.00,938.00,845.00,7.00,0.41,0.31,1.11,41.67
387.00,20.00,94.00,157.00,14.32,3.70,938.00,845.00,56.00,0.41,0.31,1.11,56.34
387.00,20.00,94.00,157.00,13.93,3.60,938.00,845.00,56.00,0.41,0.31,1.11,47.97
387.00,20.00,94.00,157.00,11.61,3.00,938.00,845.00,56.00,0.41,0.31,1.11,61.46
355.00,19.00,97.00,145.00,13.13,3.70,967.00,871.00,28.00,0.41,0.31,1.11,44.03
355.00,19.00,97.00,145.00,12.25,3.45,967.00,871.00,28.00,0.41,0.31,1.11,55.45
491.00,26.00,123.00,210.00,3.93,0.80,882.00,699.00,28.00,0.43,0.33,1.26,55.55
491.00,26.00,123.00,201.00,3.93,0.80,822.00,699.00,28.00,0.41,0.31,1.18,57.92
491.00,26.00,123.00,210.00,3.93,0.80,882.00,699.00,3.00,0.43,0.33,1.26,25.61
491.00,26.00,123.00,210.00,3.93,0.80,882.00,699.00,7.00,0.43,0.33,1.26,33.49
491.00,26.00,123.00,210.00,3.93,0.80,882.00,699.00,56.00,0.43,0.33,1.26,59.59
491.00,26.00,123.00,201.00,3.93,0.80,822.00,699.00,3.00,0.41,0.31,1.18,29.55
491.00,26.00,123.00,201.00,3.93,0.80,822.00,699.00,7.00,0.41,0.31,1.18,37.92
491.00,26.00,123.00,201.00,3.93,0.80,822.00,699.00,56.00,0.41,0.31,1.18,61.86
424.00,22.00,132.00,178.00,8.48,2.00,822.00,750.00,28.00,0.42,0.31,1.10,62.05
424.00,22.00,132.00,178.00,8.48,2.00,882.00,750.00,3.00,0.42,0.31,1.18,32.01
424.00,22.00,132.00,168.00,8.92,2.10,822.00,750.00,28.00,0.40,0.29,1.10,72.10
424.00,22.00,132.00,178.00,8.48,2.00,822.00,750.00,7.00,0.42,0.31,1.10,39.00
424.00,22.00,132.00,178.00,8.48,2.00,822.00,750.00,56.00,0.42,0.31,1.10,65.70
424.00,22.00,132.00,168.00,8.92,2.10,822.00,750.00,3.00,0.40,0.29,1.10,32.11
424.00,22.00,132.00,168.00,8.92,2.10,822.00,750.00,7.00,0.40,0.29,1.10,40.29
424.00,22.00,132.00,168.00,8.92,2.10,822.00,750.00,56.00,0.40,0.29,1.10,74.36
202.00,11.00,141.00,206.00,1.72,0.85,942.00,801.00,28.00,1.02,0.58,1.18,21.97
202.00,11.00,141.00,206.00,1.72,0.85,942.00,801.00,3.00,1.02,0.58,1.18,9.85
202.00,11.00,141.00,206.00,1.72,0.85,942.00,801.00,7.00,1.02,0.58,1.18,15.07
202.00,11.00,141.00,206.00,1.72,0.85,942.00,801.00,56.00,1.02,0.58,1.18,23.25
284.00,15.00,141.00,179.00,5.46,1.92,842.00,801.00,28.00,0.63,0.41,1.05,43.73
284.00,15.00,141.00,179.00,5.46,1.92,842.00,801.00,3.00,0.63,0.41,1.05,13.40
284.00,15.00,141.00,179.00,5.46,1.92,842.00,801.00,7.00,0.63,0.41,1.05,24.13
284.00,15.00,141.00,179.00,5.46,1.92,842.00,801.00,56.00,0.63,0.41,1.05,44.52
359.00,19.00,141.00,154.00,10.91,3.04,942.00,801.00,28.00,0.43,0.30,1.18,62.94
359.00,19.00,141.00,154.00,10.91,3.04,942.00,801.00,28.00,0.43,0.30,1.18,59.49
359.00,19.00,141.00,154.00,10.91,3.04,942.00,801.00,3.00,0.43,0.30,1.18,25.12
359.00,19.00,141.00,154.00,10.91,3.04,942.00,801.00,3.00,0.43,0.30,1.18,23.64
359.00,19.00,141.00,154.00,10.91,3.04,942.00,801.00,7.00,0.43,0.30,1.18,35.75
359.00,19.00,141.00,154.00,10.91,3.04,942.00,801.00,7.00,0.43,0.30,1.18,38.61
359.00,19.00,141.00,154.00,10.91,3.04,942.00,801.00,56.00,0.43,0.30,1.18,68.75
359.00,19.00,141.00,154.00,10.91,3.04,942.00,801.00,56.00,0.43,0.30,1.18,66.78
436.00,0.00,0.00,218.00,0.00,0.00,838.40,719.70,28.00,0.50,0.50,1.16,23.85
289.00,0.00,0.00,192.00,0.00,0.00,913.20,895.30,90.00,0.66,0.66,1.02,32.07
289.00,0.00,0.00,192.00,0.00,0.00,913.20,895.30,3.00,0.66,0.66,1.02,11.65
393.00,0.00,0.00,192.00,0.00,0.00,940.60,785.60,3.00,0.49,0.49,1.20,19.20
393.00,0.00,0.00,192.00,0.00,0.00,940.60,785.60,90.00,0.49,0.49,1.20,48.85
393.00,0.00,0.00,192.00,0.00,0.00,940.60,785.60,28.00,0.49,0.49,1.20,39.60
480.00,0.00,0.00,192.00,0.00,0.00,936.20,712.20,28.00,0.40,0.40,1.31,43.94
480.00,0.00,0.00,192.00,0.00,0.00,936.20,712.20,7.00,0.40,0.40,1.31,34.57
480.00,0.00,0.00,192.00,0.00,0.00,936.20,712.20,90.00,0.40,0.40,1.31,54.32
480.00,0.00,0.00,192.00,0.00,0.00,936.20,712.20,3.00,0.40,0.40,1.31,24.40
333.00,0.00,0.00,192.00,0.00,0.00,931.20,842.60,3.00,0.58,0.58,1.11,15.62
255.00,0.00,0.00,192.00,0.00,0.00,889.80,945.00,90.00,0.75,0.75,0.94,21.86
255.00,0.00,0.00,192.00,0.00,0.00,889.80,945.00,7.00,0.75,0.75,0.94,10.22
289.00,0.00,0.00,192.00,0.00,0.00,913.20,895.30,7.00,0.66,0.66,1.02,14.60
255.00,0.00,0.00,192.00,0.00,0.00,889.80,945.00,28.00,0.75,0.75,0.94,18.75
333.00,0.00,0.00,192.00,0.00,0.00,931.20,842.60,28.00,0.58,0.58,1.11,31.97
333.00,0.00,0.00,192.00,0.00,0.00,931.20,842.60,7.00,0.58,0.58,1.11,23.40
289.00,0.00,0.00,192.00,0.00,0.00,913.20,895.30,28.00,0.66,0.66,1.02,25.57
333.00,0.00,0.00,192.00,0.00,0.00,931.20,842.60,90.00,0.58,0.58,1.11,41.68
393.00,0.00,0.00,192.00,0.00,0.00,940.60,785.60,7.00,0.49,0.49,1.20,27.74
255.00,0.00,0.00,192.00,0.00,0.00,889.80,945.00,3.00,0.75,0.75,0.94,8.20
158.80,238.20,0.00,185.70,0.00,0.00,1040.60,734.30,7.00,1.17,0.47,1.42,9.62
239.60,359.40,0.00,185.70,0.00,0.00,941.60,664.30,7.00,0.78,0.31,1.42,25.42
238.20,158.80,0.00,185.70,0.00,0.00,1040.60,734.30,7.00,0.78,0.47,1.42,15.69
181.90,272.80,0.00,185.70,0.00,0.00,1012.40,714.30,28.00,1.02,0.41,1.42,27.94
193.50,290.20,0.00,185.70,0.00,0.00,998.20,704.30,28.00,0.96,0.38,1.42,32.63
255.50,170.30,0.00,185.70,0.00,0.00,1026.60,724.30,7.00,0.73,0.44,1.42,17.24
272.80,181.90,0.00,185.70,0.00,0.00,1012.40,714.30,7.00,0.68,0.41,1.42,19.77
239.60,359.40,0.00,185.70,0.00,0.00,941.60,664.30,28.00,0.78,0.31,1.42,39.44
220.80,147.20,0.00,185.70,0.00,0.00,1055.00,744.30,28.00,0.84,0.50,1.42,25.75
397.00,0.00,0.00,185.70,0.00,0.00,1040.60,734.30,28.00,0.47,0.47,1.42,33.08
382.50,0.00,0.00,185.70,0.00,0.00,1047.80,739.30,7.00,0.49,0.49,1.42,24.07
210.70,316.10,0.00,185.70,0.00,0.00,977.00,689.30,7.00,0.88,0.35,1.42,21.82
158.80,238.20,0.00,185.70,0.00,0.00,1040.60,734.30,28.00,1.17,0.47,1.42,21.07
295.80,0.00,0.00,185.70,0.00,0.00,1091.40,769.30,7.00,0.63,0.63,1.42,14.84
255.50,170.30,0.00,185.70,0.00,0.00,1026.60,724.30,28.00,0.73,0.44,1.42,32.05
203.50,135.70,0.00,185.70,0.00,0.00,1076.20,759.30,7.00,0.91,0.55,1.42,11.96
397.00,0.00,0.00,185.70,0.00,0.00,1040.60,734.30,7.00,0.47,0.47,1.42,25.45
381.40,0.00,0.00,185.70,0.00,0.00,1104.60,784.30,28.00,0.49,0.49,1.41,22.49
295.80,0.00,0.00,185.70,0.00,0.00,1091.40,769.30,28.00,0.63,0.63,1.42,25.22
228.00,342.10,0.00,185.70,0.00,0.00,955.80,674.30,28.00,0.81,0.33,1.42,39.70
220.80,147.20,0.00,185.70,0.00,0.00,1055.00,744.30,7.00,0.84,0.50,1.42,13.09
316.10,210.70,0.00,185.70,0.00,0.00,977.00,689.30,28.00,0.59,0.35,1.42,38.70
135.70,203.50,0.00,185.70,0.00,0.00,1076.20,759.30,7.00,1.37,0.55,1.42,7.51
238.10,0.00,0.00,185.70,0.00,0.00,1118.80,789.30,28.00,0.78,0.78,1.42,17.58
339.20,0.00,0.00,185.70,0.00,0.00,1069.20,754.30,7.00,0.55,0.55,1.42,21.18
135.70,203.50,0.00,185.70,0.00,0.00,1076.20,759.30,28.00,1.37,0.55,1.42,18.20
193.50,290.20,0.00,185.70,0.00,0.00,998.20,704.30,7.00,0.96,0.38,1.42,17.20
203.50,135.70,0.00,185.70,0.00,0.00,1076.20,759.30,28.00,0.91,0.55,1.42,22.63
290.20,193.50,0.00,185.70,0.00,0.00,998.20,704.30,7.00,0.64,0.38,1.42,21.86
181.90,272.80,0.00,185.70,0.00,0.00,1012.40,714.30,7.00,1.02,0.41,1.42,12.37
170.30,155.50,0.00,185.70,0.00,0.00,1026.60,724.30,28.00,1.09,0.57,1.42,25.73
210.70,316.10,0.00,185.70,0.00,0.00,977.00,689.30,28.00,0.88,0.35,1.42,37.81
228.00,342.10,0.00,185.70,0.00,0.00,955.80,674.30,7.00,0.81,0.33,1.42,21.92
290.20,193.50,0.00,185.70,0.00,0.00,998.20,704.30,28.00,0.64,0.38,1.42,33.04
381.40,0.00,0.00,185.70,0.00,0.00,1104.60,784.30,7.00,0.49,0.49,1.41,14.54
238.20,158.80,0.00,185.70,0.00,0.00,1040.60,734.30,28.00,0.78,0.47,1.42,26.91
186.20,124.10,0.00,185.70,0.00,0.00,1083.40,764.30,7.00,1.00,0.60,1.42,8.00
339.20,0.00,0.00,185.70,0.00,0.00,1069.20,754.30,28.00,0.55,0.55,1.42,31.90
238.10,0.00,0.00,185.70,0.00,0.00,1118.80,789.30,7.00,0.78,0.78,1.42,10.34
252.50,0.00,0.00,185.70,0.00,0.00,1111.60,784.30,28.00,0.74,0.74,1.42,19.77
382.50,0.00,0.00,185.70,0.00,0.00,1047.80,739.30,28.00,0.49,0.49,1.42,37.44
252.50,0.00,0.00,185.70,0.00,0.00,1111.60,784.30,7.00,0.74,0.74,1.42,11.48
316.10,210.70,0.00,185.70,0.00,0.00,977.00,689.30,7.00,0.59,0.35,1.42,24.44
186.20,124.10,0.00,185.70,0.00,0.00,1083.40,764.30,28.00,1.00,0.60,1.42,17.60
170.30,155.50,0.00,185.70,0.00,0.00,1026.60,724.30,7.00,1.09,0.57,1.42,10.73
272.80,181.90,0.00,185.70,0.00,0.00,1012.40,714.30,28.00,0.68,0.41,1.42,31.38
339.00,0.00,0.00,197.00,0.00,0.00,968.00,781.00,3.00,0.58,0.58,1.24,13.22
339.00,0.00,0.00,197.00,0.00,0.00,968.00,781.00,7.00,0.58,0.58,1.24,20.97
339.00,0.00,0.00,197.00,0.00,0.00,968.00,781.00,14.00,0.58,0.58,1.24,27.04
339.00,0.00,0.00,197.00,0.00,0.00,968.00,781.00,28.00,0.58,0.58,1.24,32.04
339.00,0.00,0.00,197.00,0.00,0.00,968.00,781.00,90.00,0.58,0.58,1.24,35.17
339.00,0.00,0.00,197.00,0.00,0.00,968.00,781.00,180.00,0.58,0.58,1.24,36.45
339.00,0.00,0.00,197.00,0.00,0.00,968.00,781.00,365.00,0.58,0.58,1.24,38.89
236.00,0.00,0.00,194.00,0.00,0.00,968.00,885.00,3.00,0.82,0.82,1.09,6.47
236.00,0.00,0.00,194.00,0.00,0.00,968.00,885.00,14.00,0.82,0.82,1.09,12.84
236.00,0.00,0.00,194.00,0.00,0.00,968.00,885.00,28.00,0.82,0.82,1.09,18.42
236.00,0.00,0.00,194.00,0.00,0.00,968.00,885.00,90.00,0.82,0.82,1.09,21.95
236.00,0.00,0.00,193.00,0.00,0.00,968.00,885.00,180.00,0.82,0.82,1.09,24.10
236.00,0.00,0.00,193.00,0.00,0.00,968.00,885.00,365.00,0.82,0.82,1.09,25.08
277.00,0.00,0.00,191.00,0.00,0.00,968.00,856.00,14.00,0.69,0.69,1.13,21.26
277.00,0.00,0.00,191.00,0.00,0.00,968.00,856.00,28.00,0.69,0.69,1.13,25.97
277.00,0.00,0.00,191.00,0.00,0.00,968.00,856.00,3.00,0.69,0.69,1.13,11.36
277.00,0.00,0.00,191.00,0.00,0.00,968.00,856.00,90.00,0.69,0.69,1.13,31.25
277.00,0.00,0.00,191.00,0.00,0.00,968.00,856.00,180.00,0.69,0.69,1.13,32.33
277.00,0.00,0.00,191.00,0.00,0.00,968.00,856.00,360.00,0.69,0.69,1.13,33.70
254.00,0.00,0.00,198.00,0.00,0.00,968.00,863.00,3.00,0.78,0.78,1.12,9.31
254.00,0.00,0.00,198.00,0.00,0.00,968.00,863.00,90.00,0.78,0.78,1.12,26.94
254.00,0.00,0.00,198.00,0.00,0.00,968.00,863.00,180.00,0.78,0.78,1.12,27.63
254.00,0.00,0.00,198.00,0.00,0.00,968.00,863.00,365.00,0.78,0.78,1.12,29.79
307.00,0.00,0.00,193.00,0.00,0.00,968.00,812.00,180.00,0.63,0.63,1.19,34.49
307.00,0.00,0.00,193.00,0.00,0.00,968.00,812.00,365.00,0.63,0.63,1.19,36.15
307.00,0.00,0.00,193.00,0.00,0.00,968.00,812.00,3.00,0.63,0.63,1.19,12.54
307.00,0.00,0.00,193.00,0.00,0.00,968.00,812.00,28.00,0.63,0.63,1.19,27.53
307.00,0.00,0.00,193.00,0.00,0.00,968.00,812.00,90.00,0.63,0.63,1.19,32.92
236.00,0.00,0.00,193.00,0.00,0.00,968.00,885.00,7.00,0.82,0.82,1.09,9.99
200.00,0.00,0.00,180.00,0.00,0.00,1125.00,845.00,7.00,0.90,0.90,1.33,7.84
200.00,0.00,0.00,180.00,0.00,0.00,1125.00,845.00,28.00,0.90,0.90,1.33,12.25
225.00,0.00,0.00,181.00,0.00,0.00,1113.00,833.00,7.00,0.80,0.80,1.34,11.17
225.00,0.00,0.00,181.00,0.00,0.00,1113.00,833.00,28.00,0.80,0.80,1.34,17.34
325.00,0.00,0.00,184.00,0.00,0.00,1063.00,783.00,7.00,0.57,0.57,1.36,17.54
325.00,0.00,0.00,184.00,0.00,0.00,1063.00,783.00,28.00,0.57,0.57,1.36,30.57
275.00,0.00,0.00,183.00,0.00,0.00,1088.00,808.00,7.00,0.67,0.67,1.35,14.20
275.00,0.00,0.00,183.00,0.00,0.00,1088.00,808.00,28.00,0.67,0.67,1.35,24.50
300.00,0.00,0.00,184.00,0.00,0.00,1075.00,795.00,7.00,0.61,0.61,1.35,15.58
300.00,0.00,0.00,184.00,0.00,0.00,1075.00,795.00,28.00,0.61,0.61,1.35,26.85
375.00,0.00,0.00,186.00,0.00,0.00,1038.00,758.00,7.00,0.50,0.50,1.37,26.06
375.00,0.00,0.00,186.00,0.00,0.00,1038.00,758.00,28.00,0.50,0.50,1.37,38.21
400.00,0.00,0.00,187.00,0.00,0.00,1025.00,745.00,28.00,0.47,0.47,1.38,43.70
400.00,0.00,0.00,187.00,0.00,0.00,1025.00,745.00,7.00,0.47,0.47,1.38,30.14
250.00,0.00,0.00,182.00,0.00,0.00,1100.00,820.00,7.00,0.73,0.73,1.34,12.73
250.00,0.00,0.00,182.00,0.00,0.00,1100.00,820.00,28.00,0.73,0.73,1.34,20.87
350.00,0.00,0.00,186.00,0.00,0.00,1050.00,770.00,7.00,0.53,0.53,1.36,20.28
350.00,0.00,0.00,186.00,0.00,0.00,1050.00,770.00,28.00,0.53,0.53,1.36,34.29
203.50,305.30,0.00,203.50,0.00,0.00,963.40,630.00,7.00,1.00,0.40,1.53,19.54
250.20,166.80,0.00,203.50,0.00,0.00,977.60,694.10,90.00,0.81,0.49,1.41,47.71
157.00,236.00,0.00,192.00,0.00,0.00,935.40,781.20,90.00,1.22,0.49,1.20,43.38
141.30,212.00,0.00,203.50,0.00,0.00,971.80,748.50,28.00,1.44,0.58,1.30,29.89
166.80,250.20,0.00,203.50,0.00,0.00,975.60,692.60,3.00,1.22,0.49,1.41,6.90
122.60,183.90,0.00,203.50,0.00,0.00,958.20,800.10,90.00,1.66,0.66,1.20,33.19
183.90,122.60,0.00,203.50,0.00,0.00,959.20,800.00,3.00,1.11,0.66,1.20,4.90
102.00,153.00,0.00,192.00,0.00,0.00,887.00,942.00,3.00,1.88,0.75,0.94,4.57
102.00,153.00,0.00,192.00,0.00,0.00,887.00,942.00,90.00,1.88,0.75,0.94,25.46
122.60,183.90,0.00,203.50,0.00,0.00,958.20,800.10,28.00,1.66,0.66,1.20,24.29
166.80,250.20,0.00,203.50,0.00,0.00,975.60,692.60,28.00,1.22,0.49,1.41,33.95
200.00,133.00,0.00,192.00,0.00,0.00,965.40,806.20,3.00,0.96,0.58,1.20,11.41
108.30,162.40,0.00,203.50,0.00,0.00,938.20,849.00,28.00,1.88,0.75,1.11,20.59
305.30,203.50,0.00,203.50,0.00,0.00,965.40,631.00,7.00,0.67,0.40,1.53,25.89
108.30,162.40,0.00,203.50,0.00,0.00,938.20,849.00,90.00,1.88,0.75,1.11,29.23
116.00,173.00,0.00,192.00,0.00,0.00,909.80,891.90,90.00,1.66,0.66,1.02,31.02
141.30,212.00,0.00,203.50,0.00,0.00,971.80,748.50,7.00,1.44,0.58,1.30,10.39
157.00,236.00,0.00,192.00,0.00,0.00,935.40,781.20,28.00,1.22,0.49,1.20,33.66
133.00,200.00,0.00,192.00,0.00,0.00,927.40,839.20,28.00,1.44,0.58,1.11,27.87
250.20,166.80,0.00,203.50,0.00,0.00,977.60,694.10,7.00,0.81,0.49,1.41,19.35
173.00,116.00,0.00,192.00,0.00,0.00,946.80,856.80,7.00,1.11,0.66,1.11,11.39
192.00,288.00,0.00,192.00,0.00,0.00,929.80,716.10,3.00,1.00,0.40,1.30,12.79
192.00,288.00,0.00,192.00,0.00,0.00,929.80,716.10,28.00,1.00,0.40,1.30,39.32
153.00,102.00,0.00,192.00,0.00,0.00,888.00,943.10,3.00,1.25,0.75,0.94,4.78
288.00,192.00,0.00,192.00,0.00,0.00,932.00,717.80,3.00,0.67,0.40,1.30,16.11
305.30,203.50,0.00,203.50,0.00,0.00,965.40,631.00,28.00,0.67,0.40,1.53,43.38
236.00,157.00,0.00,192.00,0.00,0.00,972.60,749.10,7.00,0.81,0.49,1.30,20.42
173.00,116.00,0.00,192.00,0.00,0.00,946.80,856.80,3.00,1.11,0.66,1.11,6.94
212.00,141.30,0.00,203.50,0.00,0.00,973.40,750.00,7.00,0.96,0.58,1.30,15.03
236.00,157.00,0.00,192.00,0.00,0.00,972.60,749.10,3.00,0.81,0.49,1.30,13.57
183.90,122.60,0.00,203.50,0.00,0.00,959.20,800.00,90.00,1.11,0.66,1.20,32.53
166.80,250.20,0.00,203.50,0.00,0.00,975.60,692.60,7.00,1.22,0.49,1.41,15.75
102.00,153.00,0.00,192.00,0.00,0.00,887.00,942.00,7.00,1.88,0.75,0.94,7.68
288.00,192.00,0.00,192.00,0.00,0.00,932.00,717.80,28.00,0.67,0.40,1.30,38.80
212.00,141.30,0.00,203.50,0.00,0.00,973.40,750.00,28.00,0.96,0.58,1.30,33.00
102.00,153.00,0.00,192.00,0.00,0.00,887.00,942.00,28.00,1.88,0.75,0.94,17.28
173.00,116.00,0.00,192.00,0.00,0.00,946.80,856.80,28.00,1.11,0.66,1.11,24.28
183.90,122.60,0.00,203.50,0.00,0.00,959.20,800.00,28.00,1.11,0.66,1.20,24.05
133.00,200.00,0.00,192.00,0.00,0.00,927.40,839.20,90.00,1.44,0.58,1.11,36.59
192.00,288.00,0.00,192.00,0.00,0.00,929.80,716.10,90.00,1.00,0.40,1.30,50.73
133.00,200.00,0.00,192.00,0.00,0.00,927.40,839.20,7.00,1.44,0.58,1.11,13.66
305.30,203.50,0.00,203.50,0.00,0.00,965.40,631.00,3.00,0.67,0.40,1.53,14.14
236.00,157.00,0.00,192.00,0.00,0.00,972.60,749.10,90.00,0.81,0.49,1.30,47.78
108.30,162.40,0.00,203.50,0.00,0.00,938.20,849.00,3.00,1.88,0.75,1.11,2.33
157.00,236.00,0.00,192.00,0.00,0.00,935.40,781.20,7.00,1.22,0.49,1.20,16.89
288.00,192.00,0.00,192.00,0.00,0.00,932.00,717.80,7.00,0.67,0.40,1.30,23.52
212.00,141.30,0.00,203.50,0.00,0.00,973.40,750.00,3.00,0.96,0.58,1.30,6.81
212.00,141.30,0.00,203.50,0.00,0.00,973.40,750.00,90.00,0.96,0.58,1.30,39.70
153.00,102.00,0.00,192.00,0.00,0.00,888.00,943.10,28.00,1.25,0.75,0.94,17.96
236.00,157.00,0.00,192.00,0.00,0.00,972.60,749.10,28.00,0.81,0.49,1.30,32.88
116.00,173.00,0.00,192.00,0.00,0.00,909.80,891.90,28.00,1.66,0.66,1.02,22.35
183.90,122.60,0.00,203.50,0.00,0.00,959.20,800.00,7.00,1.11,0.66,1.20,10.79
108.30,162.40,0.00,203.50,0.00,0.00,938.20,849.00,7.00,1.88,0.75,1.11,7.72
203.50,305.30,0.00,203.50,0.00,0.00,963.40,630.00,28.00,1.00,0.40,1.53,41.68
203.50,305.30,0.00,203.50,0.00,0.00,963.40,630.00,3.00,1.00,0.40,1.53,9.56
133.00,200.00,0.00,192.00,0.00,0.00,927.40,839.20,3.00,1.44,0.58,1.11,6.88
288.00,192.00,0.00,192.00,0.00,0.00,932.00,717.80,90.00,0.67,0.40,1.30,50.53
200.00,133.00,0.00,192.00,0.00,0.00,965.40,806.20,7.00,0.96,0.58,1.20,17.17
200.00,133.00,0.00,192.00,0.00,0.00,965.40,806.20,28.00,0.96,0.58,1.20,30.44
250.20,166.80,0.00,203.50,0.00,0.00,977.60,694.10,3.00,0.81,0.49,1.41,9.73
122.60,183.90,0.00,203.50,0.00,0.00,958.20,800.10,3.00,1.66,0.66,1.20,3.32
153.00,102.00,0.00,192.00,0.00,0.00,888.00,943.10,90.00,1.25,0.75,0.94,26.32
200.00,133.00,0.00,192.00,0.00,0.00,965.40,806.20,90.00,0.96,0.58,1.20,43.25
116.00,173.00,0.00,192.00,0.00,0.00,909.80,891.90,3.00,1.66,0.66,1.02,6.28
173.00,116.00,0.00,192.00,0.00,0.00,946.80,856.80,90.00,1.11,0.66,1.11,32.10
250.20,166.80,0.00,203.50,0.00,0.00,977.60,694.10,28.00,0.81,0.49,1.41,36.96
305.30,203.50,0.00,203.50,0.00,0.00,965.40,631.00,90.00,0.67,0.40,1.53,54.60
192.00,288.00,0.00,192.00,0.00,0.00,929.80,716.10,7.00,1.00,0.40,1.30,21.48
157.00,236.00,0.00,192.00,0.00,0.00,935.40,781.20,3.00,1.22,0.49,1.20,9.69
153.00,102.00,0.00,192.00,0.00,0.00,888.00,943.10,7.00,1.25,0.75,0.94,8.37
141.30,212.00,0.00,203.50,0.00,0.00,971.80,748.50,90.00,1.44,0.58,1.30,39.66
116.00,173.00,0.00,192.00,0.00,0.00,909.80,891.90,7.00,1.66,0.66,1.02,10.09
141.30,212.00,0.00,203.50,0.00,0.00,971.80,748.50,3.00,1.44,0.58,1.30,4.83
122.60,183.90,0.00,203.50,0.00,0.00,958.20,800.10,7.00,1.66,0.66,1.20,10.35
166.80,250.20,0.00,203.50,0.00,0.00,975.60,692.60,90.00,1.22,0.49,1.41,43.57
203.50,305.30,0.00,203.50,0.00,0.00,963.40,630.00,90.00,1.00,0.40,1.53,51.86
310.00,0.00,0.00,192.00,0.00,0.00,1012.00,830.00,3.00,0.62,0.62,1.22,11.85
310.00,0.00,0.00,192.00,0.00,0.00,1012.00,830.00,7.00,0.62,0.62,1.22,17.24
310.00,0.00,0.00,192.00,0.00,0.00,1012.00,830.00,28.00,0.62,0.62,1.22,27.83
310.00,0.00,0.00,192.00,0.00,0.00,1012.00,830.00,90.00,0.62,0.62,1.22,35.76
310.00,0.00,0.00,192.00,0.00,0.00,1012.00,830.00,120.00,0.62,0.62,1.22,38.70
331.00,0.00,0.00,192.00,0.00,0.00,1025.00,821.00,3.00,0.58,0.58,1.25,14.31
331.00,0.00,0.00,192.00,0.00,0.00,1025.00,821.00,7.00,0.58,0.58,1.25,17.44
331.00,0.00,0.00,192.00,0.00,0.00,1025.00,821.00,28.00,0.58,0.58,1.25,31.74
331.00,0.00,0.00,192.00,0.00,0.00,1025.00,821.00,90.00,0.58,0.58,1.25,37.91
331.00,0.00,0.00,192.00,0.00,0.00,1025.00,821.00,120.00,0.58,0.58,1.25,39.38
349.00,0.00,0.00,192.00,0.00,0.00,1056.00,809.00,3.00,0.55,0.55,1.31,15.87
349.00,0.00,0.00,192.00,0.00,0.00,1056.00,809.00,7.00,0.55,0.55,1.31,9.01
349.00,0.00,0.00,192.00,0.00,0.00,1056.00,809.00,28.00,0.55,0.55,1.31,33.61
349.00,0.00,0.00,192.00,0.00,0.00,1056.00,809.00,90.00,0.55,0.55,1.31,40.66
349.00,0.00,0.00,192.00,0.00,0.00,1056.00,809.00,120.00,0.55,0.55,1.31,40.86
238.00,0.00,0.00,186.00,0.00,0.00,1119.00,789.00,7.00,0.78,0.78,1.42,12.05
238.00,0.00,0.00,186.00,0.00,0.00,1119.00,789.00,28.00,0.78,0.78,1.42,17.54
296.00,0.00,0.00,186.00,0.00,0.00,1090.00,769.00,7.00,0.63,0.63,1.42,18.91
296.00,0.00,0.00,186.00,0.00,0.00,1090.00,769.00,28.00,0.63,0.63,1.42,25.18
297.00,0.00,0.00,186.00,0.00,0.00,1040.00,734.00,7.00,0.63,0.63,1.42,30.96
480.00,0.00,0.00,192.00,0.00,0.00,936.00,721.00,28.00,0.40,0.40,1.30,43.89
480.00,0.00,0.00,192.00,0.00,0.00,936.00,721.00,90.00,0.40,0.40,1.30,54.28
397.00,0.00,0.00,186.00,0.00,0.00,1040.00,734.00,28.00,0.47,0.47,1.42,36.94
281.00,0.00,0.00,186.00,0.00,0.00,1104.00,774.00,7.00,0.66,0.66,1.43,14.50
281.00,0.00,0.00,185.00,0.00,0.00,1104.00,774.00,28.00,0.66,0.66,1.43,22.44
500.00,0.00,0.00,200.00,0.00,0.00,1125.00,613.00,1.00,0.40,0.40,1.84,12.64
500.00,0.00,0.00,200.00,0.00,0.00,1125.00,613.00,3.00,0.40,0.40,1.84,26.06
500.00,0.00,0.00,200.00,0.00,0.00,1125.00,613.00,7.00,0.40,0.40,1.84,33.21
500.00,0.00,0.00,200.00,0.00,0.00,1125.00,613.00,14.00,0.40,0.40,1.84,36.94
500.00,0.00,0.00,200.00,0.00,0.00,1125.00,613.00,28.00,0.40,0.40,1.84,44.09
540.00,0.00,0.00,173.00,0.00,0.00,1125.00,613.00,7.00,0.32,0.32,1.84,52.61
540.00,0.00,0.00,173.00,0.00,0.00,1125.00,613.00,14.00,0.32,0.32,1.84,59.76
540.00,0.00,0.00,173.00,0.00,0.00,1125.00,613.00,28.00,0.32,0.32,1.84,67.31
540.00,0.00,0.00,173.00,0.00,0.00,1125.00,613.00,90.00,0.32,0.32,1.84,69.66
540.00,0.00,0.00,173.00,0.00,0.00,1125.00,613.00,180.00,0.32,0.32,1.84,71.62
540.00,0.00,0.00,173.00,0.00,0.00,1125.00,613.00,270.00,0.32,0.32,1.84,74.17
350.00,0.00,0.00,203.00,0.00,0.00,974.00,775.00,7.00,0.58,0.58,1.26,18.13
350.00,0.00,0.00,203.00,0.00,0.00,974.00,775.00,14.00,0.58,0.58,1.26,22.53
350.00,0.00,0.00,203.00,0.00,0.00,974.00,775.00,28.00,0.58,0.58,1.26,27.34
350.00,0.00,0.00,203.00,0.00,0.00,974.00,775.00,56.00,0.58,0.58,1.26,29.98
350.00,0.00,0.00,203.00,0.00,0.00,974.00,775.00,90.00,0.58,0.58,1.26,31.35
350.00,0.00,0.00,203.00,0.00,0.00,974.00,775.00,180.00,0.58,0.58,1.26,32.72
385.00,0.00,0.00,186.00,0.00,0.00,966.00,763.00,1.00,0.48,0.48,1.27,6.27
385.00,0.00,0.00,186.00,0.00,0.00,966.00,763.00,3.00,0.48,0.48,1.27,14.70
385.00,0.00,0.00,186.00,0.00,0.00,966.00,763.00,7.00,0.48,0.48,1.27,23.22
385.00,0.00,0.00,186.00,0.00,0.00,966.00,763.00,14.00,0.48,0.48,1.27,27.92
385.00,0.00,0.00,186.00,0.00,0.00,966.00,763.00,28.00,0.48,0.48,1.27,31.35
331.00,0.00,0.00,192.00,0.00,0.00,978.00,825.00,180.00,0.58,0.58,1.19,39.00
331.00,0.00,0.00,192.00,0.00,0.00,978.00,825.00,360.00,0.58,0.58,1.19,41.24
349.00,0.00,0.00,192.00,0.00,0.00,1047.00,806.00,3.00,0.55,0.55,1.30,14.99
331.00,0.00,0.00,192.00,0.00,0.00,978.00,825.00,3.00,0.58,0.58,1.19,13.52
382.00,0.00,0.00,186.00,0.00,0.00,1047.00,739.00,7.00,0.49,0.49,1.42,24.00
382.00,0.00,0.00,186.00,0.00,0.00,1047.00,739.00,28.00,0.49,0.49,1.42,37.42
382.00,0.00,0.00,186.00,0.00,0.00,1111.00,784.00,7.00,0.49,0.49,1.42,11.47
281.00,0.00,0.00,186.00,0.00,0.00,1104.00,774.00,28.00,0.66,0.66,1.43,22.44
339.00,0.00,0.00,185.00,0.00,0.00,1069.00,754.00,7.00,0.55,0.55,1.42,21.16
339.00,0.00,0.00,185.00,0.00,0.00,1069.00,754.00,28.00,0.55,0.55,1.42,31.84
295.00,0.00,0.00,185.00,0.00,0.00,1069.00,769.00,7.00,0.63,0.63,1.39,14.80
295.00,0.00,0.00,185.00,0.00,0.00,1069.00,769.00,28.00,0.63,0.63,1.39,25.18
238.00,0.00,0.00,185.00,0.00,0.00,1118.00,789.00,28.00,0.78,0.78,1.42,17.54
296.00,0.00,0.00,192.00,0.00,0.00,1085.00,765.00,7.00,0.65,0.65,1.42,14.20
296.00,0.00,0.00,192.00,0.00,0.00,1085.00,765.00,28.00,0.65,0.65,1.42,21.65
296.00,0.00,0.00,192.00,0.00,0.00,1085.00,765.00,90.00,0.65,0.65,1.42,29.39
331.00,0.00,0.00,192.00,0.00,0.00,879.00,825.00,3.00,0.58,0.58,1.07,13.52
331.00,0.00,0.00,192.00,0.00,0.00,978.00,825.00,7.00,0.58,0.58,1.19,16.26
331.00,0.00,0.00,192.00,0.00,0.00,978.00,825.00,28.00,0.58,0.58,1.19,31.45
331.00,0.00,0.00,192.00,0.00,0.00,978.00,825.00,90.00,0.58,0.58,1.19,37.23
349.00,0.00,0.00,192.00,0.00,0.00,1047.00,806.00,7.00,0.55,0.55,1.30,18.13
349.00,0.00,0.00,192.00,0.00,0.00,1047.00,806.00,28.00,0.55,0.55,1.30,32.72
349.00,0.00,0.00,192.00,0.00,0.00,1047.00,806.00,90.00,0.55,0.55,1.30,39.49
349.00,0.00,0.00,192.00,0.00,0.00,1047.00,806.00,180.00,0.55,0.55,1.30,41.05
349.00,0.00,0.00,192.00,0.00,0.00,1047.00,806.00,360.00,0.55,0.55,1.30,42.13
302.00,0.00,0.00,203.00,0.00,0.00,974.00,817.00,14.00,0.67,0.67,1.19,18.13
302.00,0.00,0.00,203.00,0.00,0.00,974.00,817.00,180.00,0.67,0.67,1.19,26.74
525.00,0.00,0.00,189.00,0.00,0.00,1125.00,613.00,180.00,0.36,0.36,1.84,61.92
500.00,0.00,0.00,200.00,0.00,0.00,1125.00,613.00,90.00,0.40,0.40,1.84,47.22
500.00,0.00,0.00,200.00,0.00,0.00,1125.00,613.00,180.00,0.40,0.40,1.84,51.04
500.00,0.00,0.00,200.00,0.00,0.00,1125.00,613.00,270.00,0.40,0.40,1.84,55.16
540.00,0.00,0.00,173.00,0.00,0.00,1125.00,613.00,3.00,0.32,0.32,1.84,41.64
252.00,0.00,0.00,185.00,0.00,0.00,1111.00,784.00,7.00,0.73,0.73,1.42,13.71
252.00,0.00,0.00,185.00,0.00,0.00,1111.00,784.00,28.00,0.73,0.73,1.42,19.69
339.00,0.00,0.00,185.00,0.00,0.00,1060.00,754.00,28.00,0.55,0.55,1.41,31.65
393.00,0.00,0.00,192.00,0.00,0.00,940.00,758.00,3.00,0.49,0.49,1.24,19.11
393.00,0.00,0.00,192.00,0.00,0.00,940.00,758.00,28.00,0.49,0.49,1.24,39.58
393.00,0.00,0.00,192.00,0.00,0.00,940.00,758.00,90.00,0.49,0.49,1.24,48.79
382.00,0.00,0.00,185.00,0.00,0.00,1047.00,739.00,7.00,0.48,0.48,1.42,24.00
382.00,0.00,0.00,185.00,0.00,0.00,1047.00,739.00,28.00,0.48,0.48,1.42,37.42
252.00,0.00,0.00,186.00,0.00,0.00,1111.00,784.00,7.00,0.74,0.74,1.42,11.47
252.00,0.00,0.00,185.00,0.00,0.00,1111.00,784.00,28.00,0.73,0.73,1.42,19.69
310.00,0.00,0.00,192.00,0.00,0.00,970.00,850.00,7.00,0.62,0.62,1.14,14.99
310.00,0.00,0.00,192.00,0.00,0.00,970.00,850.00,28.00,0.62,0.62,1.14,27.92
310.00,0.00,0.00,192.00,0.00,0.00,970.00,850.00,90.00,0.62,0.62,1.14,34.68
310.00,0.00,0.00,192.00,0.00,0.00,970.00,850.00,180.00,0.62,0.62,1.14,37.33
310.00,0.00,0.00,192.00,0.00,0.00,970.00,850.00,360.00,0.62,0.62,1.14,38.11
525.00,0.00,0.00,189.00,0.00,0.00,1125.00,613.00,3.00,0.36,0.36,1.84,33.80
525.00,0.00,0.00,189.00,0.00,0.00,1125.00,613.00,7.00,0.36,0.36,1.84,42.42
525.00,0.00,0.00,189.00,0.00,0.00,1125.00,613.00,14.00,0.36,0.36,1.84,48.40
525.00,0.00,0.00,189.00,0.00,0.00,1125.00,613.00,28.00,0.36,0.36,1.84,55.94
525.00,0.00,0.00,189.00,0.00,0.00,1125.00,613.00,90.00,0.36,0.36,1.84,58.78
525.00,0.00,0.00,189.00,0.00,0.00,1125.00,613.00,270.00,0.36,0.36,1.84,67.11
322.00,0.00,0.00,203.00,0.00,0.00,974.00,800.00,14.00,0.63,0.63,1.22,20.77
322.00,0.00,0.00,203.00,0.00,0.00,974.00,800.00,28.00,0.63,0.63,1.22,25.18
322.00,0.00,0.00,203.00,0.00,0.00,974.00,800.00,180.00,0.63,0.63,1.22,29.59
302.00,0.00,0.00,203.00,0.00,0.00,974.00,817.00,28.00,0.67,0.67,1.19,21.75
397.00,0.00,0.00,185.00,0.00,0.00,1040.00,734.00,28.00,0.47,0.47,1.42,39.09
480.00,0.00,0.00,192.00,0.00,0.00,936.00,721.00,3.00,0.40,0.40,1.30,24.39
522.00,0.00,0.00,146.00,0.00,0.00,896.00,896.00,7.00,0.28,0.28,1.00,50.51
522.00,0.00,0.00,146.00,0.00,0.00,896.00,896.00,28.00,0.28,0.28,1.00,74.99
273.00,105.00,82.00,210.00,9.00,3.30,904.00,680.00,28.00,0.77,0.46,1.33,37.17
162.00,190.00,148.00,179.00,19.00,11.73,838.00,741.00,28.00,1.10,0.36,1.13,33.76
154.00,144.00,112.00,220.00,10.00,6.49,923.00,658.00,28.00,1.43,0.54,1.40,16.50
147.00,115.00,89.00,202.00,9.00,6.12,860.00,829.00,28.00,1.37,0.58,1.04,19.99
152.00,178.00,139.00,168.00,18.00,11.84,944.00,695.00,28.00,1.11,0.36,1.36,36.35
310.00,143.00,111.00,168.00,22.00,7.10,914.00,651.00,28.00,0.54,0.30,1.40,33.69
144.00,0.00,175.00,158.00,18.00,12.50,943.00,844.00,28.00,1.10,0.50,1.12,15.42
304.00,140.00,0.00,214.00,6.00,1.97,895.00,722.00,28.00,0.70,0.48,1.24,33.42
374.00,0.00,0.00,190.00,7.00,1.87,1013.00,730.00,28.00,0.51,0.51,1.39,39.05
159.00,149.00,116.00,175.00,15.00,9.43,953.00,720.00,28.00,1.10,0.41,1.32,27.68
153.00,239.00,0.00,200.00,6.00,3.92,1002.00,684.00,28.00,1.31,0.51,1.46,26.86
310.00,143.00,0.00,168.00,10.00,3.23,914.00,804.00,28.00,0.54,0.37,1.14,45.30
305.00,0.00,100.00,196.00,10.00,3.28,959.00,705.00,28.00,0.64,0.48,1.36,30.12
151.00,0.00,184.00,167.00,12.00,7.95,991.00,772.00,28.00,1.11,0.50,1.28,15.57
142.00,167.00,130.00,174.00,11.00,7.75,883.00,785.00,28.00,1.23,0.40,1.12,44.61
298.00,137.00,107.00,201.00,6.00,2.01,878.00,655.00,28.00,0.67,0.37,1.34,53.52
321.00,164.00,0.00,190.00,5.00,1.56,870.00,774.00,28.00,0.59,0.39,1.12,57.21
366.00,187.00,0.00,191.00,7.00,1.91,824.00,757.00,28.00,0.52,0.35,1.09,65.91
280.00,129.00,100.00,172.00,9.00,3.21,825.00,805.00,28.00,0.61,0.34,1.02,52.82
252.00,97.00,76.00,194.00,8.00,3.17,835.00,821.00,28.00,0.77,0.46,1.02,33.40
165.00,0.00,150.00,182.00,12.00,7.27,1023.00,729.00,28.00,1.10,0.58,1.40,18.03
156.00,243.00,0.00,180.00,11.00,7.05,1022.00,698.00,28.00,1.15,0.45,1.46,37.36
160.00,188.00,146.00,203.00,11.00,6.88,829.00,710.00,28.00,1.27,0.41,1.17,32.84
298.00,0.00,107.00,186.00,6.00,2.01,879.00,815.00,28.00,0.62,0.46,1.08,42.64
318.00,0.00,126.00,210.00,6.00,1.89,861.00,737.00,28.00,0.66,0.47,1.17,40.06
287.00,121.00,94.00,188.00,9.00,3.14,904.00,696.00,28.00,0.66,0.37,1.30,41.94
326.00,166.00,0.00,174.00,9.00,2.76,882.00,790.00,28.00,0.53,0.35,1.12,61.23
356.00,0.00,142.00,193.00,11.00,3.09,801.00,778.00,28.00,0.54,0.39,1.03,40.87
132.00,207.00,161.00,179.00,5.00,3.79,867.00,736.00,28.00,1.36,0.36,1.18,33.30
322.00,149.00,0.00,186.00,8.00,2.48,951.00,709.00,28.00,0.58,0.39,1.34,52.42
164.00,0.00,200.00,181.00,13.00,7.93,849.00,846.00,28.00,1.10,0.50,1.00,15.09
314.00,0.00,113.00,170.00,10.00,3.18,925.00,783.00,28.00,0.54,0.40,1.18,38.46
321.00,0.00,128.00,182.00,11.00,3.43,870.00,780.00,28.00,0.57,0.41,1.12,37.26
140.00,164.00,128.00,237.00,6.00,4.29,869.00,656.00,28.00,1.69,0.55,1.32,35.23
288.00,121.00,0.00,177.00,7.00,2.43,908.00,829.00,28.00,0.61,0.43,1.10,42.13
298.00,0.00,107.00,210.00,11.00,3.69,880.00,744.00,28.00,0.70,0.52,1.18,31.87
265.00,111.00,86.00,195.00,6.00,2.26,833.00,790.00,28.00,0.74,0.42,1.05,41.54
160.00,250.00,0.00,168.00,12.00,7.50,1049.00,688.00,28.00,1.05,0.41,1.52,39.45
166.00,260.00,0.00,183.00,13.00,7.83,859.00,827.00,28.00,1.10,0.43,1.04,37.91
276.00,116.00,90.00,180.00,9.00,3.26,870.00,768.00,28.00,0.65,0.37,1.13,44.28
322.00,0.00,116.00,196.00,10.00,3.11,818.00,813.00,28.00,0.61,0.45,1.01,31.18
149.00,139.00,109.00,193.00,6.00,4.03,892.00,780.00,28.00,1.30,0.49,1.14,23.69
159.00,187.00,0.00,176.00,11.00,6.92,990.00,789.00,28.00,1.11,0.51,1.25,32.76
261.00,100.00,78.00,201.00,9.00,3.45,864.00,761.00,28.00,0.77,0.46,1.14,32.40
237.00,92.00,71.00,247.00,6.00,2.53,853.00,695.00,28.00,1.04,0.62,1.23,28.63
313.00,0.00,113.00,178.00,8.00,2.56,1002.00,689.00,28.00,0.57,0.42,1.45,36.80
155.00,183.00,0.00,193.00,9.00,5.81,1047.00,697.00,28.00,1.25,0.57,1.50,18.28
146.00,230.00,0.00,202.00,3.00,2.05,827.00,872.00,28.00,1.38,0.54,0.95,33.06
296.00,0.00,107.00,221.00,11.00,3.72,819.00,778.00,28.00,0.75,0.55,1.05,31.42
133.00,210.00,0.00,196.00,3.00,2.26,949.00,795.00,28.00,1.47,0.57,1.19,31.03
313.00,145.00,0.00,178.00,8.00,2.56,867.00,824.00,28.00,0.57,0.39,1.05,44.39
152.00,0.00,112.00,184.00,8.00,5.26,992.00,816.00,28.00,1.21,0.70,1.22,12.18
153.00,145.00,113.00,178.00,8.00,5.23,1002.00,689.00,28.00,1.16,0.43,1.45,25.56
140.00,133.00,103.00,200.00,7.00,5.00,916.00,753.00,28.00,1.43,0.53,1.22,36.44
149.00,236.00,0.00,176.00,13.00,8.72,847.00,893.00,28.00,1.18,0.46,0.95,32.96
300.00,0.00,120.00,212.00,10.00,3.33,878.00,728.00,28.00,0.71,0.50,1.21,23.84
153.00,145.00,113.00,178.00,8.00,5.23,867.00,824.00,28.00,1.16,0.43,1.05,26.23
148.00,0.00,137.00,158.00,16.00,10.81,1002.00,830.00,28.00,1.07,0.55,1.21,17.95
326.00,0.00,138.00,199.00,11.00,3.37,801.00,792.00,28.00,0.61,0.43,1.01,40.68
153.00,145.00,0.00,178.00,8.00,5.23,1000.00,822.00,28.00,1.16,0.60,1.22,19.01
262.00,111.00,86.00,195.00,5.00,1.91,895.00,733.00,28.00,0.74,0.42,1.22,33.72
158.00,0.00,195.00,220.00,11.00,6.96,898.00,713.00,28.00,1.39,0.62,1.26,8.54
151.00,0.00,185.00,167.00,16.00,10.60,1074.00,678.00,28.00,1.11,0.50,1.58,13.46
273.00,0.00,90.00,199.00,11.00,4.03,931.00,762.00,28.00,0.73,0.55,1.22,32.24
149.00,118.00,92.00,183.00,7.00,4.70,953.00,780.00,28.00,1.23,0.51,1.22,23.52
143.00,169.00,143.00,191.00,8.00,5.59,967.00,643.00,28.00,1.34,0.42,1.50,29.72
260.00,101.00,78.00,171.00,10.00,3.85,936.00,763.00,28.00,0.66,0.39,1.23,49.77
313.00,161.00,0.00,178.00,10.00,3.19,917.00,759.00,28.00,0.57,0.38,1.21,52.44
284.00,120.00,0.00,168.00,7.00,2.46,970.00,794.00,28.00,0.59,0.42,1.22,40.93
336.00,0.00,0.00,182.00,3.00,0.89,986.00,817.00,28.00,0.54,0.54,1.21,44.86
145.00,0.00,134.00,181.00,11.00,7.59,979.00,812.00,28.00,1.25,0.65,1.21,13.20
150.00,237.00,0.00,174.00,12.00,8.00,1069.00,675.00,28.00,1.16,0.45,1.58,37.43
144.00,170.00,133.00,192.00,8.00,5.56,814.00,805.00,28.00,1.33,0.43,1.01,29.87
331.00,170.00,0.00,195.00,8.00,2.42,811.00,802.00,28.00,0.59,0.39,1.01,56.61
155.00,0.00,143.00,193.00,9.00,5.81,1047.00,697.00,28.00,1.25,0.65,1.50,12.46
155.00,183.00,0.00,193.00,9.00,5.81,877.00,868.00,28.00,1.25,0.57,1.01,23.79
135.00,0.00,166.00,180.00,10.00,7.41,961.00,805.00,28.00,1.33,0.60,1.19,13.29
266.00,112.00,87.00,178.00,10.00,3.76,910.00,745.00,28.00,0.67,0.38,1.22,39.42
314.00,145.00,113.00,179.00,8.00,2.55,869.00,690.00,28.00,0.57,0.31,1.26,46.23
313.00,145.00,0.00,127.00,8.00,2.56,1000.00,822.00,28.00,0.41,0.28,1.22,44.52
146.00,173.00,0.00,182.00,3.00,2.05,986.00,817.00,28.00,1.25,0.57,1.21,23.74
144.00,136.00,106.00,178.00,7.00,4.86,941.00,774.00,28.00,1.24,0.46,1.22,26.14
148.00,0.00,182.00,181.00,15.00,10.14,839.00,884.00,28.00,1.22,0.55,0.95,15.52
277.00,117.00,91.00,191.00,7.00,2.53,946.00,666.00,28.00,0.69,0.39,1.42,43.57
298.00,0.00,107.00,164.00,13.00,4.36,953.00,784.00,28.00,0.55,0.40,1.22,35.86
313.00,145.00,0.00,178.00,8.00,2.56,1002.00,689.00,28.00,0.57,0.39,1.45,41.05
155.00,184.00,143.00,194.00,9.00,5.81,880.00,699.00,28.00,1.25,0.40,1.26,28.99
289.00,134.00,0.00,195.00,6.00,2.08,924.00,760.00,28.00,0.67,0.46,1.22,46.24
148.00,175.00,0.00,171.00,2.00,1.35,1000.00,828.00,28.00,1.16,0.53,1.21,26.92
145.00,0.00,179.00,202.00,8.00,5.52,824.00,869.00,28.00,1.39,0.62,0.95,10.54
313.00,0.00,0.00,178.00,8.00,2.56,1000.00,822.00,28.00,0.57,0.57,1.22,25.10
136.00,162.00,126.00,172.00,10.00,7.35,923.00,764.00,28.00,1.26,0.41,1.21,29.07
155.00,0.00,143.00,193.00,9.00,5.81,877.00,868.00,28.00,1.25,0.65,1.01,9.74
255.00,99.00,77.00,189.00,6.00,2.35,919.00,749.00,28.00,0.74,0.44,1.23,33.80
162.00,207.00,172.00,216.00,10.00,6.17,822.00,638.00,28.00,1.33,0.40,1.29,39.84
136.00,196.00,98.00,199.00,6.00,4.41,847.00,783.00,28.00,1.46,0.46,1.08,26.97
164.00,163.00,128.00,197.00,8.00,4.88,961.00,641.00,28.00,1.20,0.43,1.50,27.23
162.00,214.00,164.00,202.00,10.00,6.17,820.00,680.00,28.00,1.25,0.37,1.21,30.65
157.00,214.00,152.00,200.00,9.00,5.73,819.00,704.00,28.00,1.27,0.38,1.16,33.05
149.00,153.00,194.00,192.00,8.00,5.37,935.00,623.00,28.00,1.29,0.39,1.50,24.58
135.00,105.00,193.00,196.00,6.00,4.44,965.00,643.00,28.00,1.45,0.45,1.50,21.91
159.00,209.00,161.00,201.00,7.00,4.40,848.00,669.00,28.00,1.26,0.38,1.27,30.88
144.00,15.00,195.00,176.00,6.00,4.17,1021.00,709.00,28.00,1.22,0.50,1.44,15.34
154.00,174.00,185.00,228.00,7.00,4.55,845.00,612.00,28.00,1.48,0.44,1.38,24.34
167.00,187.00,195.00,185.00,7.00,4.19,898.00,636.00,28.00,1.11,0.34,1.41,23.89
184.00,86.00,190.00,213.00,6.00,3.26,923.00,623.00,28.00,1.16,0.46,1.48,22.93
156.00,178.00,187.00,221.00,7.00,4.49,854.00,614.00,28.00,1.42,0.42,1.39,29.41
236.90,91.70,71.50,246.90,6.00,2.53,852.90,695.40,28.00,1.04,0.62,1.23,28.63
313.30,0.00,113.00,178.50,8.00,2.55,1001.90,688.70,28.00,0.57,0.42,1.45,36.80
154.80,183.40,0.00,193.30,9.10,5.88,1047.40,696.70,28.00,1.25,0.57,1.50,18.29
145.90,230.50,0.00,202.50,3.40,2.33,827.00,871.80,28.00,1.39,0.54,0.95,32.72
296.00,0.00,106.70,221.40,10.50,3.55,819.20,778.40,28.00,0.75,0.55,1.05,31.42
133.10,210.20,0.00,195.70,3.10,2.33,949.40,795.30,28.00,1.47,0.57,1.19,28.94
313.30,145.00,0.00,178.50,8.00,2.55,867.20,824.00,28.00,0.57,0.39,1.05,40.93
151.60,0.00,111.90,184.40,7.90,5.21,992.00,815.90,28.00,1.22,0.70,1.22,12.18
153.10,145.00,113.00,178.50,8.00,5.23,1001.90,688.70,28.00,1.17,0.43,1.45,25.56
139.90,132.60,103.30,200.30,7.40,5.29,916.00,753.40,28.00,1.43,0.53,1.22,36.44
149.50,236.00,0.00,175.80,12.60,8.43,846.80,892.70,28.00,1.18,0.46,0.95,32.96
299.80,0.00,119.80,211.50,9.90,3.30,878.20,727.60,28.00,0.71,0.50,1.21,23.84
153.10,145.00,113.00,178.50,8.00,5.23,867.20,824.00,28.00,1.17,0.43,1.05,26.23
148.10,0.00,136.60,158.10,16.10,10.87,1001.80,830.10,28.00,1.07,0.56,1.21,17.96
326.50,0.00,137.90,199.00,10.80,3.31,801.10,792.50,28.00,0.61,0.43,1.01,38.63
152.70,144.70,0.00,178.10,8.00,5.24,999.70,822.20,28.00,1.17,0.60,1.22,19.01
261.90,110.50,86.10,195.40,5.00,1.91,895.20,732.60,28.00,0.75,0.43,1.22,33.72
158.40,0.00,194.90,219.70,11.00,6.94,897.70,712.90,28.00,1.39,0.62,1.26,8.54
150.70,0.00,185.30,166.70,15.60,10.35,1074.50,678.00,28.00,1.11,0.50,1.58,13.46
272.60,0.00,89.60,198.70,10.60,3.89,931.30,762.20,28.00,0.73,0.55,1.22,32.25
149.00,117.60,91.70,182.90,7.10,4.77,953.40,780.30,28.00,1.23,0.51,1.22,23.52
143.00,169.40,142.70,190.70,8.40,5.87,967.40,643.50,28.00,1.33,0.42,1.50,29.73
259.90,100.60,78.40,170.60,10.40,4.00,935.70,762.90,28.00,0.66,0.39,1.23,49.77
312.90,160.50,0.00,177.60,9.60,3.07,916.60,759.50,28.00,0.57,0.38,1.21,52.45
284.00,119.70,0.00,168.30,7.20,2.54,970.40,794.20,28.00,0.59,0.42,1.22,40.93
336.50,0.00,0.00,181.90,3.40,1.01,985.80,816.80,28.00,0.54,0.54,1.21,44.87
144.80,0.00,133.60,180.80,11.10,7.67,979.50,811.50,28.00,1.25,0.65,1.21,13.20
150.00,236.80,0.00,173.80,11.90,7.93,1069.30,674.80,28.00,1.16,0.45,1.58,37.43
143.70,170.20,132.60,191.60,8.50,5.92,814.10,805.30,28.00,1.33,0.43,1.01,29.87
330.50,169.60,0.00,194.90,8.10,2.45,811.00,802.30,28.00,0.59,0.39,1.01,56.62
154.80,0.00,142.80,193.30,9.10,5.88,1047.40,696.70,28.00,1.25,0.65,1.50,12.46
154.80,183.40,0.00,193.30,9.10,5.88,877.20,867.70,28.00,1.25,0.57,1.01,23.79
134.70,0.00,165.70,180.20,10.00,7.42,961.00,804.90,28.00,1.34,0.60,1.19,13.29
266.20,112.30,87.50,177.90,10.40,3.91,909.70,744.50,28.00,0.67,0.38,1.22,39.42
314.00,145.30,113.20,178.90,8.00,2.55,869.10,690.20,28.00,0.57,0.31,1.26,46.23
312.70,144.70,0.00,127.30,8.00,2.56,999.70,822.20,28.00,0.41,0.28,1.22,44.52
145.70,172.60,0.00,181.90,3.40,2.33,985.80,816.80,28.00,1.25,0.57,1.21,23.74
143.80,136.30,106.20,178.10,7.50,5.22,941.50,774.30,28.00,1.24,0.46,1.22,26.15
148.10,0.00,182.10,181.40,15.00,10.13,838.90,884.30,28.00,1.22,0.55,0.95,15.53
277.00,116.80,91.00,190.60,7.00,2.53,946.50,665.60,28.00,0.69,0.39,1.42,43.58
298.10,0.00,107.50,163.60,12.80,4.29,953.20,784.00,28.00,0.55,0.40,1.22,35.87
313.30,145.00,0.00,178.50,8.00,2.55,1001.90,688.70,28.00,0.57,0.39,1.45,41.05
155.20,183.90,143.20,193.80,9.20,5.93,879.60,698.50,28.00,1.25,0.40,1.26,28.99
289.00,133.70,0.00,194.90,5.50,1.90,924.10,760.10,28.00,0.67,0.46,1.22,46.25
147.80,175.10,0.00,171.20,2.20,1.49,1000.00,828.50,28.00,1.16,0.53,1.21,26.92
145.40,0.00,178.90,201.70,7.80,5.36,824.00,868.70,28.00,1.39,0.62,0.95,10.54
312.70,0.00,0.00,178.10,8.00,2.56,999.70,822.20,28.00,0.57,0.57,1.22,25.10
136.40,161.60,125.80,171.60,10.40,7.62,922.60,764.40,28.00,1.26,0.40,1.21,29.07
154.80,0.00,142.80,193.30,9.10,5.88,877.20,867.70,28.00,1.25,0.65,1.01,9.74
255.30,98.80,77.00,188.60,6.50,2.55,919.00,749.30,28.00,0.74,0.44,1.23,33.80
272.80,105.10,81.80,209.70,9.00,3.30,904.00,679.70,28.00,0.77,0.46,1.33,37.17
162.00,190.10,148.10,178.80,18.80,11.60,838.10,741.40,28.00,1.10,0.36,1.13,33.76
153.60,144.20,112.30,220.10,10.10,6.58,923.20,657.90,28.00,1.43,0.54,1.40,16.50
146.50,114.60,89.30,201.90,8.80,6.01,860.00,829.50,28.00,1.38,0.58,1.04,19.99
151.80,178.10,138.70,167.50,18.30,12.06,944.00,694.60,28.00,1.10,0.36,1.36,36.35
309.90,142.80,111.20,167.80,22.10,7.13,913.90,651.20,28.00,0.54,0.30,1.40,38.22
143.60,0.00,174.90,158.40,17.90,12.47,942.70,844.50,28.00,1.10,0.50,1.12,15.42
303.60,139.90,0.00,213.50,6.20,2.04,895.50,722.50,28.00,0.70,0.48,1.24,33.42
374.30,0.00,0.00,190.20,6.70,1.79,1013.20,730.40,28.00,0.51,0.51,1.39,39.06
158.60,148.90,116.00,175.10,15.00,9.46,953.30,719.70,28.00,1.10,0.41,1.32,27.68
152.60,238.70,0.00,200.00,6.30,4.13,1001.80,683.90,28.00,1.31,0.51,1.46,26.86
310.00,142.80,0.00,167.90,10.00,3.23,914.30,804.00,28.00,0.54,0.37,1.14,45.30
304.80,0.00,99.60,196.00,9.80,3.22,959.40,705.20,28.00,0.64,0.48,1.36,30.12
150.90,0.00,183.90,166.60,11.60,7.69,991.20,772.20,28.00,1.10,0.50,1.28,15.57
141.90,166.60,129.70,173.50,10.90,7.68,882.60,785.30,28.00,1.22,0.40,1.12,44.61
297.80,137.20,106.90,201.30,6.00,2.01,878.40,655.30,28.00,0.68,0.37,1.34,53.52
321.30,164.20,0.00,190.50,4.60,1.43,870.00,774.00,28.00,0.59,0.39,1.12,57.22
366.00,187.00,0.00,191.30,6.60,1.80,824.30,756.90,28.00,0.52,0.35,1.09,65.91
279.80,128.90,100.40,172.40,9.50,3.40,825.10,804.90,28.00,0.62,0.34,1.03,52.83
252.10,97.10,75.60,193.80,8.30,3.29,835.50,821.40,28.00,0.77,0.46,1.02,33.40
164.60,0.00,150.40,181.60,11.70,7.11,1023.30,728.90,28.00,1.10,0.58,1.40,18.03
155.60,243.50,0.00,180.30,10.70,6.88,1022.00,697.70,28.00,1.16,0.45,1.46,37.36
160.20,188.00,146.40,203.20,11.30,7.05,828.70,709.70,28.00,1.27,0.41,1.17,35.31
298.10,0.00,107.00,186.40,6.10,2.05,879.00,815.20,28.00,0.63,0.46,1.08,42.64
317.90,0.00,126.50,209.70,5.70,1.79,860.50,736.60,28.00,0.66,0.47,1.17,40.06
287.30,120.50,93.90,187.60,9.20,3.20,904.40,695.90,28.00,0.65,0.37,1.30,43.80
325.60,166.40,0.00,174.00,8.90,2.73,881.60,790.00,28.00,0.53,0.35,1.12,61.24
355.90,0.00,141.60,193.30,11.00,3.09,801.40,778.40,28.00,0.54,0.39,1.03,40.87
132.00,206.50,160.90,178.90,5.50,4.17,866.90,735.60,28.00,1.36,0.36,1.18,33.31
322.50,148.60,0.00,185.80,8.50,2.64,951.00,709.50,28.00,0.58,0.39,1.34,52.43
164.20,0.00,200.10,181.20,12.60,7.67,849.30,846.00,28.00,1.10,0.50,1.00,15.09
313.80,0.00,112.60,169.90,10.10,3.22,925.30,782.90,28.00,0.54,0.40,1.18,38.46
321.40,0.00,127.90,182.50,11.50,3.58,870.10,779.70,28.00,0.57,0.41,1.12,37.27
139.70,163.90,127.70,236.70,5.80,4.15,868.60,655.60,28.00,1.69,0.55,1.32,35.23
288.40,121.00,0.00,177.40,7.00,2.43,907.90,829.50,28.00,0.62,0.43,1.09,42.14
298.20,0.00,107.00,209.70,11.10,3.72,879.60,744.20,28.00,0.70,0.52,1.18,31.88
264.50,111.00,86.50,195.50,5.90,2.23,832.60,790.40,28.00,0.74,0.42,1.05,41.54
159.80,250.00,0.00,168.40,12.20,7.63,1049.30,688.20,28.00,1.05,0.41,1.52,39.46
166.00,259.70,0.00,183.20,12.70,7.65,858.80,826.80,28.00,1.10,0.43,1.04,37.92
276.40,116.00,90.30,179.60,8.90,3.22,870.10,768.30,28.00,0.65,0.37,1.13,44.28
322.20,0.00,115.60,196.00,10.40,3.23,817.90,813.40,28.00,0.61,0.45,1.01,31.18
148.50,139.40,108.60,192.70,6.10,4.11,892.40,780.00,28.00,1.30,0.49,1.14,23.70
159.10,186.70,0.00,175.60,11.30,7.10,989.60,788.90,28.00,1.10,0.51,1.25,32.77
260.90,100.50,78.30,200.60,8.60,3.30,864.50,761.50,28.00,0.77,0.46,1.14,32.40
